manager_team_key,manager_nickname,player_keys_added,player_names_added,player_keys_dropped,player_names_dropped,week_enacted,date
423.l.129200.t.12,James,['423.p.34112'],['Jerome Ford'],['423.p.34100'],['Sam Howell'],16,2024-01-03 08:09:22
423.l.129200.t.2,Joel,['423.p.40185'],['Jaren Hall'],['423.p.31965'],['Jarrett Stidham'],16,2023-12-28 18:44:50
423.l.129200.t.7,Jesse B,['423.p.29325'],['Jacoby Brissett'],['423.p.25718'],['Ryan Tannehill'],16,2023-12-28 18:09:34
423.l.129200.t.12,James,['423.p.40048'],['Dalton Kincaid'],['423.p.31257'],['Tanner Hudson'],15,2023-12-27 18:01:54
423.l.129200.t.2,Joel,['423.p.100027'],['Tampa Bay'],['423.p.25785'],['Russell Wilson'],15,2023-12-27 17:56:17
423.l.129200.t.7,Jesse B,['423.p.34659'],['Rashid Shaheed'],['423.p.26483'],['Case Keenum'],15,2023-12-27 17:50:41
423.l.129200.t.7,Jesse B,['423.p.34007'],['George Pickens'],['423.p.100028'],['Washington'],15,2023-12-27 17:49:35
423.l.129200.t.7,Jesse B,['423.p.32417'],['Chase McLaughlin'],['423.p.33537'],['Evan McPherson'],15,2023-12-27 17:49:03
423.l.129200.t.2,Joel,['423.p.24967'],['Tyrod Taylor'],['423.p.34112'],['Jerome Ford'],15,2023-12-27 17:11:27
423.l.129200.t.2,Joel,['423.p.31965'],['Jarrett Stidham'],['423.p.40504'],['Tyson Bagent'],15,2023-12-27 17:08:11
423.l.129200.t.2,Joel,['423.p.100033'],['Baltimore'],['423.p.100020'],['New York'],15,2023-12-27 08:10:32
423.l.129200.t.12,James,['423.p.100014'],['Los Angeles'],['423.p.40126'],['Josh Downs'],15,2023-12-27 08:10:32
423.l.129200.t.4,chris l,['423.p.27548'],['Brandin Cooks'],['423.p.34008'],['Alec Pierce'],15,2023-12-24 17:17:46
423.l.129200.t.4,chris l,['423.p.34008'],['Alec Pierce'],['423.p.100009'],['Green Bay'],15,2023-12-24 15:41:15
423.l.129200.t.7,Jesse B,['423.p.25718'],['Ryan Tannehill'],['423.p.33390'],['Zach Wilson'],15,2023-12-23 08:05:34
423.l.129200.t.7,Jesse B,['423.p.34078'],['Zamir White'],['423.p.32702'],['Clyde Edwards-Helaire'],15,2023-12-22 01:38:29
423.l.129200.t.3,Nick,['423.p.100001'],['Atlanta'],['423.p.30248'],['Joshua Dobbs'],15,2023-12-22 01:33:22
423.l.129200.t.8,tyler,['423.p.100026'],['Seattle'],['423.p.100014'],['Los Angeles'],15,2023-12-21 21:56:52
423.l.129200.t.12,James,['423.p.31257'],['Tanner Hudson'],['423.p.27548'],['Brandin Cooks'],15,2023-12-21 19:00:44
423.l.129200.t.2,Joel,['423.p.32671'],['Joe Burrow'],['423.p.100033'],['Baltimore'],15,2023-12-21 16:40:19
423.l.129200.t.2,Joel,['423.p.34447'],['Jaylen Warren'],['423.p.28390'],['Marcus Mariota'],14,2023-12-20 12:59:29
423.l.129200.t.6,Nick T,['423.p.31046'],['Mason Rudolph'],['423.p.30115'],['Mitchell Trubisky'],14,2023-12-20 08:09:38
423.l.129200.t.4,chris l,['423.p.28839'],['Taylor Heinicke'],['423.p.34030'],['Desmond Ridder'],14,2023-12-20 08:09:38
423.l.129200.t.6,Nick T,['423.p.30563'],['Nick Mullens'],['423.p.33443'],['Pat Freiermuth'],14,2023-12-20 08:09:38
423.l.129200.t.8,tyler,['423.p.30197'],['Chris Godwin'],['423.p.40075'],['Zach Charbonnet'],14,2023-12-20 08:09:38
423.l.129200.t.2,Joel,['423.p.32713'],['Cole Kmet'],['423.p.40048'],['Dalton Kincaid'],14,2023-12-20 08:09:38
423.l.129200.t.7,Jesse B,['423.p.100028'],['Washington'],['423.p.100018'],['New Orleans'],14,2023-12-20 08:09:38
423.l.129200.t.12,James,['423.p.100034'],['Houston'],['423.p.33535'],['Brevin Jordan'],14,2023-12-20 08:09:38
423.l.129200.t.2,Joel,['423.p.28390'],['Marcus Mariota'],['423.p.34447'],['Jaylen Warren'],14,2023-12-17 16:08:47
423.l.129200.t.5,Mike Bingham,['423.p.29754'],['Wil Lutz'],['423.p.33781'],['Riley Patterson'],14,2023-12-17 00:54:41
423.l.129200.t.7,Jesse B,['423.p.26483'],['Case Keenum'],['423.p.30563'],['Nick Mullens'],14,2023-12-16 21:38:18
423.l.129200.t.5,Mike Bingham,['423.p.100003'],['Chicago'],['423.p.33455'],['Davis Mills'],14,2023-12-16 18:26:50
423.l.129200.t.4,chris l,['423.p.100009'],['Green Bay'],['423.p.100015'],['Miami'],14,2023-12-16 08:09:30
423.l.129200.t.7,Jesse B,['423.p.32702'],['Clyde Edwards-Helaire'],['423.p.34007'],['George Pickens'],14,2023-12-15 22:54:31
423.l.129200.t.5,Mike Bingham,['423.p.33455'],['Davis Mills'],['423.p.100027'],['Tampa Bay'],14,2023-12-14 04:44:01
423.l.129200.t.5,Mike Bingham,['423.p.100013'],['Las Vegas'],['423.p.29281'],['Michael Thomas'],13,2023-12-13 08:19:20
423.l.129200.t.5,Mike Bingham,['423.p.33781'],['Riley Patterson'],['423.p.31137'],['Daniel Carlson'],13,2023-12-13 08:12:48
423.l.129200.t.6,Nick T,['423.p.31998'],['Easton Stick'],['423.p.34107'],['Tyler Allgeier'],13,2023-12-13 08:12:48
423.l.129200.t.4,chris l,['423.p.100007'],['Denver'],['423.p.30197'],['Chris Godwin'],13,2023-12-13 08:12:48
423.l.129200.t.8,tyler,['423.p.100014'],['Los Angeles'],['423.p.100009'],['Green Bay'],13,2023-12-13 08:12:48
423.l.129200.t.5,Mike Bingham,['423.p.27540'],['Odell Beckham Jr.'],['423.p.30217'],['C.J. Beathard'],13,2023-12-13 08:12:48
423.l.129200.t.6,Nick T,['423.p.100004'],['Cincinnati'],['423.p.100034'],['Houston'],13,2023-12-13 08:12:48
423.l.129200.t.12,James,['423.p.33535'],['Brevin Jordan'],['423.p.34659'],['Rashid Shaheed'],13,2023-12-10 04:38:45
423.l.129200.t.7,Jesse B,['423.p.33537'],['Evan McPherson'],['423.p.27120'],['Brandon McManus'],13,2023-12-08 03:41:49
423.l.129200.t.7,Jesse B,['423.p.33390'],['Zach Wilson'],['423.p.40195'],['Dorian Thompson-Robinson'],13,2023-12-08 03:39:40
423.l.129200.t.9,light,['423.p.34093'],['Bailey Zappe'],['423.p.31431'],['Tim Boyle'],13,2023-12-07 07:29:20
423.l.129200.t.9,light,['423.p.100008'],['Detroit'],['423.p.100001'],['Atlanta'],13,2023-12-07 07:28:07
423.l.129200.t.5,Mike Bingham,['423.p.31137'],['Daniel Carlson'],['423.p.8432'],['Nick Folk'],12,2023-12-06 13:55:43
423.l.129200.t.5,Mike Bingham,['423.p.30217'],['C.J. Beathard'],['423.p.33975'],['Kenny Pickett'],12,2023-12-06 13:26:25
423.l.129200.t.11,ppratt,['423.p.29238'],['Ezekiel Elliott'],['423.p.30227'],['Samaje Perine'],12,2023-12-06 08:17:56
423.l.129200.t.6,Nick T,['423.p.30115'],['Mitchell Trubisky'],['423.p.40051'],['Quentin Johnston'],12,2023-12-06 08:17:56
423.l.129200.t.4,chris l,['423.p.32858'],['Tyler Bass'],['423.p.28188'],['Chris Boswell'],12,2023-12-06 08:17:56
423.l.129200.t.8,tyler,['423.p.100009'],['Green Bay'],['423.p.31977'],['Matt Gay'],12,2023-12-06 08:17:56
423.l.129200.t.11,ppratt,['423.p.32138'],['Jake Browning'],['423.p.31127'],['Tyler Conklin'],12,2023-12-06 08:17:56
423.l.129200.t.6,Nick T,['423.p.100034'],['Houston'],['423.p.100014'],['Los Angeles'],12,2023-12-06 08:17:56
423.l.129200.t.5,Mike Bingham,['423.p.8432'],['Nick Folk'],['423.p.40296'],['Blake Grupe'],12,2023-12-03 14:58:01
423.l.129200.t.1,Cody Bakken,['423.p.31885'],['Miles Sanders'],['423.p.27624'],['Jerick McKinnon'],12,2023-12-03 14:38:23
423.l.129200.t.12,James,['423.p.40129'],['Jake Moody'],['423.p.29754'],['Wil Lutz'],12,2023-12-01 22:23:18
423.l.129200.t.12,James,['423.p.8795'],['Joe Flacco'],['423.p.34068'],['Daniel Bellinger'],12,2023-12-01 22:05:17
423.l.129200.t.6,Nick T,['423.p.34107'],['Tyler Allgeier'],['423.p.32523'],['Greg Dortch'],12,2023-12-01 21:34:01
423.l.129200.t.8,tyler,['423.p.31977'],['Matt Gay'],['423.p.32138'],['Jake Browning'],12,2023-12-01 04:23:13
423.l.129200.t.10,Brian,['423.p.100011'],['Indianapolis'],['423.p.100004'],['Cincinnati'],12,2023-12-01 01:50:24
423.l.129200.t.3,Nick,['423.p.40119'],['Tyjae Spears'],['423.p.33998'],"[""Wan'Dale Robinson""]",12,2023-12-01 00:41:15
423.l.129200.t.11,ppratt,['423.p.26658'],['Zach Ertz'],['423.p.40222'],['DeMario Douglas'],12,2023-11-30 22:37:08
423.l.129200.t.9,light,['423.p.34099'],['Chigoziem Okonkwo'],['423.p.33408'],['Kadarius Toney'],12,2023-11-30 17:26:39
423.l.129200.t.9,light,['423.p.100001'],['Atlanta'],['423.p.100010'],['Tennessee'],12,2023-11-30 17:25:37
423.l.129200.t.4,chris l,['423.p.28188'],['Chris Boswell'],['423.p.33537'],['Evan McPherson'],11,2023-11-29 16:02:15
423.l.129200.t.7,Jesse B,['423.p.27120'],['Brandon McManus'],['423.p.31137'],['Daniel Carlson'],11,2023-11-29 14:47:57
423.l.129200.t.5,Mike Bingham,['423.p.100027'],['Tampa Bay'],['423.p.100026'],['Seattle'],11,2023-11-29 14:38:05
423.l.129200.t.5,Mike Bingham,['423.p.30157'],['Gerald Everett'],['423.p.40065'],['Michael Mayer'],11,2023-11-29 08:24:02
423.l.129200.t.5,Mike Bingham,['423.p.33975'],['Kenny Pickett'],['423.p.40504'],['Tyson Bagent'],11,2023-11-29 08:24:02
423.l.129200.t.2,Joel,['423.p.100020'],['New York'],['423.p.100017'],['New England'],11,2023-11-29 08:24:02
423.l.129200.t.5,Mike Bingham,['423.p.32756'],['Zack Moss'],['423.p.40138'],"[""Aidan O'Connell""]",11,2023-11-29 08:24:02
423.l.129200.t.12,James,['423.p.29754'],['Wil Lutz'],['423.p.26800'],['Dustin Hopkins'],11,2023-11-29 08:24:02
423.l.129200.t.6,Nick T,['423.p.33465'],['Joshua Palmer'],['423.p.33605'],['Khalil Herbert'],11,2023-11-29 08:24:02
423.l.129200.t.1,Cody Bakken,['423.p.100030'],['Jacksonville'],['423.p.100016'],['Minnesota'],11,2023-11-29 08:24:02
423.l.129200.t.6,Nick T,['423.p.33403'],['Mac Jones'],['423.p.33975'],['Kenny Pickett'],11,2023-11-25 08:09:28
423.l.129200.t.6,Nick T,['423.p.100007'],['Denver'],['423.p.100034'],['Houston'],11,2023-11-25 08:09:28
423.l.129200.t.12,James,['423.p.30614'],['Taysom Hill'],['423.p.100030'],['Jacksonville'],11,2023-11-25 08:09:28
423.l.129200.t.10,Brian,['423.p.100004'],['Cincinnati'],['423.p.100020'],['New York'],11,2023-11-23 17:55:57
423.l.129200.t.9,light,['423.p.31431'],['Tim Boyle'],['423.p.32671'],['Joe Burrow'],11,2023-11-23 15:19:10
423.l.129200.t.6,Nick T,['423.p.33605'],['Khalil Herbert'],['423.p.40162'],['Roschon Johnson'],11,2023-11-23 08:14:30
423.l.129200.t.2,Joel,['423.p.100033'],['Baltimore'],['423.p.100008'],['Detroit'],10,2023-11-22 18:13:41
423.l.129200.t.1,Cody Bakken,['423.p.100016'],['Minnesota'],['423.p.100007'],['Denver'],10,2023-11-22 16:41:42
423.l.129200.t.1,Cody Bakken,['423.p.33515'],['Kylen Granson'],['423.p.32456'],['Donald Parham Jr.'],10,2023-11-22 16:41:12
423.l.129200.t.4,chris l,['423.p.34030'],['Desmond Ridder'],['423.p.33403'],['Mac Jones'],10,2023-11-22 15:55:34
423.l.129200.t.8,tyler,['423.p.40075'],['Zach Charbonnet'],['423.p.34107'],['Tyler Allgeier'],10,2023-11-22 08:16:55
423.l.129200.t.4,chris l,['423.p.33403'],['Mac Jones'],['423.p.28839'],['Taylor Heinicke'],10,2023-11-22 08:16:55
423.l.129200.t.8,tyler,['423.p.32138'],['Jake Browning'],['423.p.30614'],['Taysom Hill'],10,2023-11-22 08:16:55
423.l.129200.t.9,light,['423.p.100010'],['Tennessee'],['423.p.100028'],['Washington'],10,2023-11-22 08:16:55
423.l.129200.t.11,ppratt,['423.p.34095'],['Isaiah Likely'],['423.p.31902'],['Darrell Henderson Jr.'],10,2023-11-22 08:16:55
423.l.129200.t.2,Joel,['423.p.100017'],['New England'],['423.p.33605'],['Khalil Herbert'],10,2023-11-20 18:23:28
423.l.129200.t.8,tyler,['423.p.34107'],['Tyler Allgeier'],['423.p.40119'],['Tyjae Spears'],10,2023-11-19 19:20:28
423.l.129200.t.3,Nick,['423.p.30202'],"[""D'Onta Foreman""]",['423.p.40188'],['Clayton Tune'],10,2023-11-19 17:13:23
423.l.129200.t.1,Cody Bakken,['423.p.30153'],['Curtis Samuel'],['423.p.31031'],['DJ Chark'],10,2023-11-19 15:39:59
423.l.129200.t.1,Cody Bakken,['423.p.30150'],['Zay Jones'],['423.p.33403'],['Mac Jones'],10,2023-11-19 15:38:50
423.l.129200.t.1,Cody Bakken,['423.p.100007'],['Denver'],['423.p.100003'],['Chicago'],10,2023-11-19 15:37:53
423.l.129200.t.1,Cody Bakken,['423.p.32456'],['Donald Parham Jr.'],['423.p.29269'],['Hunter Henry'],10,2023-11-19 15:35:59
423.l.129200.t.4,chris l,['423.p.28839'],['Taylor Heinicke'],['423.p.34030'],['Desmond Ridder'],10,2023-11-18 08:09:33
423.l.129200.t.8,tyler,['423.p.40063'],['Jayden Reed'],['423.p.40533'],['Tommy DeVito'],10,2023-11-17 18:44:29
423.l.129200.t.11,ppratt,['423.p.31127'],['Tyler Conklin'],['423.p.32756'],['Zack Moss'],10,2023-11-17 13:49:56
423.l.129200.t.1,Cody Bakken,['423.p.33781'],['Riley Patterson'],['423.p.26658'],['Zach Ertz'],10,2023-11-17 08:09:31
423.l.129200.t.4,chris l,['423.p.100012'],['Kansas City'],['423.p.100033'],['Baltimore'],10,2023-11-16 03:18:41
423.l.129200.t.4,chris l,['423.p.7200'],['Aaron Rodgers'],['423.p.30538'],['P.J. Walker'],10,2023-11-16 02:50:00
423.l.129200.t.7,Jesse B,['423.p.40195'],['Dorian Thompson-Robinson'],['423.p.34010'],['Trey McBride'],9,2023-11-15 22:58:15
423.l.129200.t.6,Nick T,['423.p.100034'],['Houston'],['423.p.100027'],['Tampa Bay'],9,2023-11-15 18:45:34
423.l.129200.t.6,Nick T,['423.p.31199'],['Jason Sanders'],['423.p.31977'],['Matt Gay'],9,2023-11-15 18:44:44
423.l.129200.t.4,chris l,['423.p.30538'],['P.J. Walker'],['423.p.30125'],['Deshaun Watson'],9,2023-11-15 14:27:54
423.l.129200.t.2,Joel,['423.p.100008'],['Detroit'],['423.p.100011'],['Indianapolis'],9,2023-11-15 12:52:19
423.l.129200.t.9,light,['423.p.100028'],['Washington'],['423.p.100016'],['Minnesota'],9,2023-11-15 08:11:07
423.l.129200.t.1,Cody Bakken,['423.p.34125'],['Ty Chandler'],['423.p.34157'],['Keaontay Ingram'],9,2023-11-15 08:11:07
423.l.129200.t.5,Mike Bingham,['423.p.33100'],['Rico Dowdle'],['423.p.32596'],['Craig Reynolds'],9,2023-11-15 08:11:07
423.l.129200.t.12,James,['423.p.100030'],['Jacksonville'],['423.p.40075'],['Zach Charbonnet'],9,2023-11-15 08:11:07
423.l.129200.t.3,Nick,['423.p.28378'],['Jason Myers'],['423.p.31199'],['Jason Sanders'],9,2023-11-12 16:33:15
423.l.129200.t.6,Nick T,['423.p.100027'],['Tampa Bay'],['423.p.26804'],['Latavius Murray'],9,2023-11-09 02:06:47
423.l.129200.t.8,tyler,['423.p.40533'],['Tommy DeVito'],['423.p.31885'],['Miles Sanders'],8,2023-11-08 22:43:30
423.l.129200.t.10,Brian,['423.p.27120'],['Brandon McManus'],['423.p.100001'],['Atlanta'],8,2023-11-08 20:19:59
423.l.129200.t.11,ppratt,['423.p.33781'],['Riley Patterson'],['423.p.32782'],['Joshua Kelley'],8,2023-11-08 19:15:24
423.l.129200.t.2,Joel,['423.p.100011'],['Indianapolis'],['423.p.100017'],['New England'],8,2023-11-08 13:12:24
423.l.129200.t.4,chris l,['423.p.100015'],['Miami'],['423.p.31902'],['Darrell Henderson Jr.'],8,2023-11-08 08:12:13
423.l.129200.t.5,Mike Bingham,['423.p.40504'],['Tyson Bagent'],['423.p.40185'],['Jaren Hall'],8,2023-11-08 08:12:13
423.l.129200.t.11,ppratt,['423.p.32736'],['Antonio Gibson'],['423.p.27548'],['Brandin Cooks'],8,2023-11-08 08:12:13
423.l.129200.t.9,light,['423.p.34062'],['Cade Otton'],['423.p.30150'],['Zay Jones'],8,2023-11-08 08:12:13
423.l.129200.t.1,Cody Bakken,['423.p.100003'],['Chicago'],['423.p.100012'],['Kansas City'],8,2023-11-08 08:12:13
423.l.129200.t.12,James,['423.p.30352'],['Noah Brown'],['423.p.40063'],['Jayden Reed'],8,2023-11-08 08:12:13
423.l.129200.t.3,Nick,['423.p.40188'],['Clayton Tune'],['423.p.32736'],['Antonio Gibson'],8,2023-11-05 16:28:05
423.l.129200.t.8,tyler,['423.p.100019'],['New York'],['423.p.40051'],['Quentin Johnston'],8,2023-11-05 16:27:31
423.l.129200.t.9,light,['423.p.34344'],['Cameron Dicker'],['423.p.33781'],['Riley Patterson'],8,2023-11-04 07:09:48
423.l.129200.t.12,James,['423.p.31906'],['Devin Singletary'],['423.p.100020'],['New York'],8,2023-11-03 21:05:11
423.l.129200.t.10,Brian,['423.p.33514'],['Chuba Hubbard'],['423.p.40430'],['Emari Demercado'],8,2023-11-03 02:42:58
423.l.129200.t.12,James,['423.p.26800'],['Dustin Hopkins'],['423.p.40129'],['Jake Moody'],8,2023-11-02 17:20:47
423.l.129200.t.3,Nick,['423.p.27648'],['Logan Thomas'],['423.p.30247'],['Jamaal Williams'],8,2023-11-02 01:57:44
423.l.129200.t.7,Jesse B,['423.p.34107'],['Tyler Allgeier'],['423.p.31394'],['Jeff Wilson Jr.'],8,2023-11-02 01:48:34
423.l.129200.t.6,Nick T,['423.p.100013'],['Las Vegas'],['423.p.27540'],['Odell Beckham Jr.'],8,2023-11-02 01:38:26
423.l.129200.t.2,Joel,['423.p.28839'],['Taylor Heinicke'],['423.p.40504'],['Tyson Bagent'],7,2023-11-01 16:19:25
423.l.129200.t.5,Mike Bingham,['423.p.40138'],"[""Aidan O'Connell""]",['423.p.27590'],['Jimmy Garoppolo'],7,2023-11-01 15:35:04
423.l.129200.t.4,chris l,['423.p.33537'],['Evan McPherson'],['423.p.34344'],['Cameron Dicker'],7,2023-11-01 10:52:47
423.l.129200.t.4,chris l,['423.p.31902'],['Darrell Henderson Jr.'],['423.p.100015'],['Miami'],7,2023-11-01 10:45:54
423.l.129200.t.5,Mike Bingham,['423.p.33971'],['Jahan Dotson'],['423.p.30538'],['P.J. Walker'],7,2023-11-01 07:10:11
423.l.129200.t.2,Joel,['423.p.100017'],['New England'],['423.p.100008'],['Detroit'],7,2023-11-01 07:10:11
423.l.129200.t.5,Mike Bingham,['423.p.40185'],['Jaren Hall'],['423.p.24967'],['Tyrod Taylor'],7,2023-11-01 07:10:11
423.l.129200.t.12,James,['423.p.34068'],['Daniel Bellinger'],['423.p.30153'],['Curtis Samuel'],7,2023-11-01 07:10:11
423.l.129200.t.11,ppratt,['423.p.27548'],['Brandin Cooks'],['423.p.31888'],['Mecole Hardman'],7,2023-10-29 16:41:23
423.l.129200.t.11,ppratt,['423.p.32782'],['Joshua Kelley'],['423.p.40641'],['Keaton Mitchell'],7,2023-10-29 16:38:48
423.l.129200.t.4,chris l,['423.p.34344'],['Cameron Dicker'],['423.p.27120'],['Brandon McManus'],7,2023-10-29 16:36:28
423.l.129200.t.3,Nick,['423.p.100024'],['Los Angeles'],['423.p.100007'],['Denver'],7,2023-10-29 16:24:51
423.l.129200.t.5,Mike Bingham,['423.p.40296'],['Blake Grupe'],['423.p.31137'],['Daniel Carlson'],7,2023-10-29 15:44:34
423.l.129200.t.5,Mike Bingham,['423.p.30538'],['P.J. Walker'],['423.p.30973'],['Sam Darnold'],7,2023-10-29 14:51:47
423.l.129200.t.2,Joel,['423.p.34112'],['Jerome Ford'],['423.p.33514'],['Chuba Hubbard'],7,2023-10-29 07:09:33
423.l.129200.t.10,Brian,['423.p.30551'],['Kendrick Bourne'],['423.p.40051'],['Quentin Johnston'],7,2023-10-29 03:32:28
423.l.129200.t.9,light,['423.p.30150'],['Zay Jones'],['423.p.34112'],['Jerome Ford'],7,2023-10-26 12:48:52
423.l.129200.t.5,Mike Bingham,['423.p.30973'],['Sam Darnold'],['423.p.9547'],['Brian Hoyer'],7,2023-10-26 04:06:45
423.l.129200.t.2,Joel,['423.p.33514'],['Chuba Hubbard'],['423.p.30213'],['Jonnu Smith'],7,2023-10-26 00:00:48
423.l.129200.t.7,Jesse B,['423.p.40068'],['Will Levis'],['423.p.30551'],['Kendrick Bourne'],6,2023-10-25 14:45:36
423.l.129200.t.2,Joel,['423.p.100008'],['Detroit'],['423.p.100034'],['Houston'],6,2023-10-25 09:59:09
423.l.129200.t.2,Joel,['423.p.100034'],['Houston'],['423.p.100027'],['Tampa Bay'],6,2023-10-25 07:10:04
423.l.129200.t.2,Joel,['423.p.40048'],['Dalton Kincaid'],['423.p.28378'],['Jason Myers'],6,2023-10-25 07:10:04
423.l.129200.t.9,light,['423.p.31424'],['Gus Edwards'],['423.p.40243'],['Zach Evans'],6,2023-10-25 07:10:04
423.l.129200.t.5,Mike Bingham,['423.p.24967'],['Tyrod Taylor'],['423.p.40162'],['Roschon Johnson'],6,2023-10-22 15:56:21
423.l.129200.t.1,Cody Bakken,['423.p.34157'],['Keaontay Ingram'],['423.p.30552'],['Matt Breida'],6,2023-10-22 14:52:11
423.l.129200.t.8,tyler,['423.p.31885'],['Miles Sanders'],['423.p.31424'],['Gus Edwards'],6,2023-10-22 14:04:24
423.l.129200.t.7,Jesse B,['423.p.30202'],"[""D'Onta Foreman""]",['423.p.33443'],['Pat Freiermuth'],6,2023-10-22 06:27:04
423.l.129200.t.2,Joel,['423.p.100027'],['Tampa Bay'],['423.p.100008'],['Detroit'],6,2023-10-21 07:09:47
423.l.129200.t.7,Jesse B,['423.p.30551'],['Kendrick Bourne'],['423.p.34320'],['Jordan Mason'],6,2023-10-20 23:51:19
423.l.129200.t.5,Mike Bingham,['423.p.40065'],['Michael Mayer'],['423.p.40048'],['Dalton Kincaid'],6,2023-10-20 18:55:27
423.l.129200.t.5,Mike Bingham,['423.p.9547'],['Brian Hoyer'],['423.p.24967'],['Tyrod Taylor'],6,2023-10-19 21:31:48
423.l.129200.t.11,ppratt,['423.p.31888'],['Mecole Hardman'],['423.p.40696'],['Jaleel McLaughlin'],6,2023-10-19 19:50:49
423.l.129200.t.6,Nick T,['423.p.100014'],['Los Angeles'],['423.p.100030'],['Jacksonville'],6,2023-10-19 13:46:49
423.l.129200.t.12,James,['423.p.100020'],['New York'],['423.p.100001'],['Atlanta'],5,2023-10-18 18:50:52
423.l.129200.t.7,Jesse B,['423.p.34320'],['Jordan Mason'],['423.p.100027'],['Tampa Bay'],5,2023-10-18 14:14:02
423.l.129200.t.5,Mike Bingham,['423.p.31137'],['Daniel Carlson'],['423.p.33537'],['Evan McPherson'],5,2023-10-18 13:48:53
423.l.129200.t.2,Joel,['423.p.28378'],['Jason Myers'],['423.p.34107'],['Tyler Allgeier'],5,2023-10-18 12:00:43
423.l.129200.t.5,Mike Bingham,['423.p.24967'],['Tyrod Taylor'],['423.p.100004'],['Cincinnati'],5,2023-10-18 07:10:08
423.l.129200.t.9,light,['423.p.30199'],['Kareem Hunt'],['423.p.30154'],['Dalvin Cook'],5,2023-10-18 07:10:08
423.l.129200.t.8,tyler,['423.p.100028'],['Washington'],['423.p.27648'],['Logan Thomas'],5,2023-10-18 07:10:08
423.l.129200.t.2,Joel,['423.p.40504'],['Tyson Bagent'],['423.p.40430'],['Emari Demercado'],5,2023-10-18 07:10:08
423.l.129200.t.5,Mike Bingham,['423.p.32596'],['Craig Reynolds'],['423.p.33538'],['Kenneth Gainwell'],5,2023-10-18 07:10:08
423.l.129200.t.9,light,['423.p.40243'],['Zach Evans'],['423.p.31885'],['Miles Sanders'],5,2023-10-18 07:10:08
423.l.129200.t.7,Jesse B,['423.p.33100'],['Rico Dowdle'],['423.p.31127'],['Tyler Conklin'],5,2023-10-16 19:37:59
423.l.129200.t.7,Jesse B,['423.p.33443'],['Pat Freiermuth'],['423.p.40074'],['Luke Musgrave'],4,2023-10-11 19:26:55
423.l.129200.t.7,Jesse B,['423.p.31394'],['Jeff Wilson Jr.'],['423.p.27548'],['Brandin Cooks'],4,2023-10-11 18:36:47
423.l.129200.t.6,Nick T,['423.p.33465'],['Joshua Palmer'],['423.p.40121'],['Michael Wilson'],4,2023-10-11 15:33:30
423.l.129200.t.12,James,['423.p.100001'],['Atlanta'],['423.p.33971'],['Jahan Dotson'],4,2023-10-11 07:10:10
423.l.129200.t.9,light,['423.p.32846'],['K.J. Osborn'],['423.p.30199'],['Kareem Hunt'],4,2023-10-11 07:10:10
423.l.129200.t.12,James,['423.p.32010'],['Gardner Minshew II'],['423.p.100028'],['Washington'],4,2023-10-11 07:10:10
423.l.129200.t.9,light,['423.p.100016'],['Minnesota'],['423.p.100020'],['New York'],4,2023-10-11 07:10:10
423.l.129200.t.1,Cody Bakken,['423.p.29288'],['Tyler Boyd'],['423.p.32727'],['Van Jefferson'],4,2023-10-11 07:10:10
423.l.129200.t.7,Jesse B,['423.p.100027'],['Tampa Bay'],['423.p.40090'],['Marvin Mims Jr.'],4,2023-10-09 03:55:02
423.l.129200.t.1,Cody Bakken,['423.p.30552'],['Matt Breida'],['423.p.30227'],['Samaje Perine'],4,2023-10-08 15:14:03
423.l.129200.t.6,Nick T,['423.p.100017'],['New England'],['423.p.30115'],['Mitchell Trubisky'],4,2023-10-08 13:16:58
423.l.129200.t.6,Nick T,['423.p.30115'],['Mitchell Trubisky'],['423.p.33415'],['Rashod Bateman'],4,2023-10-08 05:24:49
423.l.129200.t.2,Joel,['423.p.40084'],['Rashee Rice'],['423.p.33967'],['Jameson Williams'],4,2023-10-07 17:20:49
423.l.129200.t.5,Mike Bingham,['423.p.100004'],['Cincinnati'],['423.p.40138'],"[""Aidan O'Connell""]",4,2023-10-07 07:09:45
423.l.129200.t.3,Nick,['423.p.33998'],"[""Wan'Dale Robinson""]",['423.p.28389'],['Jameis Winston'],4,2023-10-06 00:43:03
423.l.129200.t.9,light,['423.p.33781'],['Riley Patterson'],['423.p.34344'],['Cameron Dicker'],3,2023-10-04 20:44:30
423.l.129200.t.9,light,['423.p.100020'],['New York'],['423.p.100004'],['Cincinnati'],3,2023-10-04 20:43:56
423.l.129200.t.9,light,['423.p.30213'],['Jonnu Smith'],['423.p.33443'],['Pat Freiermuth'],3,2023-10-04 20:43:12
423.l.129200.t.6,Nick T,['423.p.26804'],['Latavius Murray'],['423.p.30552'],['Matt Breida'],3,2023-10-04 17:40:34
423.l.129200.t.2,Joel,['423.p.33967'],['Jameson Williams'],['423.p.100017'],['New England'],3,2023-10-04 15:54:46
423.l.129200.t.2,Joel,['423.p.100008'],['Detroit'],['423.p.100030'],['Jacksonville'],3,2023-10-04 07:10:20
423.l.129200.t.6,Nick T,['423.p.33390'],['Zach Wilson'],['423.p.33465'],['Joshua Palmer'],3,2023-10-04 07:10:20
423.l.129200.t.12,James,['423.p.100028'],['Washington'],['423.p.100005'],['Cleveland'],3,2023-10-04 07:10:20
423.l.129200.t.8,tyler,['423.p.27648'],['Logan Thomas'],['423.p.30230'],['Josh Reynolds'],3,2023-10-01 16:29:31
423.l.129200.t.3,Nick,['423.p.31945'],['Justice Hill'],['423.p.24822'],['Andy Dalton'],3,2023-10-01 15:21:34
423.l.129200.t.5,Mike Bingham,['423.p.40138'],"[""Aidan O'Connell""]",['423.p.9547'],['Brian Hoyer'],3,2023-10-01 13:58:22
423.l.129200.t.5,Mike Bingham,['423.p.9547'],['Brian Hoyer'],['423.p.31144'],['Marquez Valdes-Scantling'],3,2023-10-01 13:39:01
423.l.129200.t.2,Joel,['423.p.100030'],['Jacksonville'],['423.p.33973'],['Treylon Burks'],3,2023-10-01 13:06:16
423.l.129200.t.7,Jesse B,['423.p.40090'],['Marvin Mims Jr.'],['423.p.40074'],['Luke Musgrave'],3,2023-09-29 16:54:39
423.l.129200.t.3,Nick,['423.p.100007'],['Denver'],['423.p.100027'],['Tampa Bay'],3,2023-09-29 00:14:52
423.l.129200.t.3,Nick,['423.p.28389'],['Jameis Winston'],['423.p.30120'],['Mike Williams'],3,2023-09-29 00:13:48
423.l.129200.t.11,ppratt,['423.p.40641'],['Keaton Mitchell'],['423.p.33113'],['Juwan Johnson'],3,2023-09-28 18:58:01
423.l.129200.t.7,Jesse B,['423.p.40074'],['Luke Musgrave'],['423.p.40240'],['Deuce Vaughn'],2,2023-09-27 18:22:54
423.l.129200.t.12,James,['423.p.34088'],['Romeo Doubs'],['423.p.32010'],['Gardner Minshew II'],2,2023-09-27 13:21:17
423.l.129200.t.9,light,['423.p.100004'],['Cincinnati'],['423.p.100030'],['Jacksonville'],2,2023-09-27 07:10:20
423.l.129200.t.7,Jesse B,['423.p.29238'],['Ezekiel Elliott'],['423.p.34062'],['Cade Otton'],2,2023-09-27 07:10:20
423.l.129200.t.12,James,['423.p.40129'],['Jake Moody'],['423.p.31137'],['Daniel Carlson'],2,2023-09-27 07:10:20
423.l.129200.t.6,Nick T,['423.p.33465'],['Joshua Palmer'],['423.p.30175'],['JuJu Smith-Schuster'],2,2023-09-27 07:10:20
423.l.129200.t.2,Joel,['423.p.40118'],"[""De'Von Achane""]",['423.p.100020'],['New York'],2,2023-09-27 07:10:20
423.l.129200.t.9,light,['423.p.33408'],['Kadarius Toney'],['423.p.30150'],['Zay Jones'],2,2023-09-27 07:10:20
423.l.129200.t.7,Jesse B,['423.p.34062'],['Cade Otton'],['423.p.40108'],['Kendre Miller'],2,2023-09-25 13:56:35
423.l.129200.t.12,James,['423.p.32010'],['Gardner Minshew II'],['423.p.29238'],['Ezekiel Elliott'],2,2023-09-22 17:20:59
423.l.129200.t.7,Jesse B,['423.p.40108'],['Kendre Miller'],['423.p.40074'],['Luke Musgrave'],2,2023-09-22 14:43:36
423.l.129200.t.12,James,['423.p.100005'],['Cleveland'],['423.p.33390'],['Zach Wilson'],2,2023-09-22 07:09:45
423.l.129200.t.10,Brian,['423.p.100009'],['Green Bay'],['423.p.100007'],['Denver'],2,2023-09-21 18:21:21
423.l.129200.t.1,Cody Bakken,['423.p.26658'],['Zach Ertz'],['423.p.34099'],['Chigoziem Okonkwo'],2,2023-09-21 00:06:12
423.l.129200.t.1,Cody Bakken,['423.p.27624'],['Jerick McKinnon'],['423.p.34125'],['Ty Chandler'],2,2023-09-21 00:05:45
423.l.129200.t.4,chris l,['423.p.100033'],['Baltimore'],['423.p.100019'],['New York'],1,2023-09-20 13:46:43
423.l.129200.t.9,light,['423.p.30199'],['Kareem Hunt'],['423.p.33514'],['Chuba Hubbard'],1,2023-09-20 07:10:24
423.l.129200.t.9,light,['423.p.100030'],['Jacksonville'],['423.p.100011'],['Indianapolis'],1,2023-09-20 07:10:24
423.l.129200.t.2,Joel,['423.p.40819'],['Brandon Aubrey'],['423.p.28378'],['Jason Myers'],1,2023-09-20 07:10:24
423.l.129200.t.5,Mike Bingham,['423.p.40162'],['Roschon Johnson'],['423.p.33582'],['Elijah Mitchell'],1,2023-09-20 07:10:24
423.l.129200.t.9,light,['423.p.34112'],['Jerome Ford'],['423.p.31882'],['Irv Smith'],1,2023-09-20 07:10:24
423.l.129200.t.6,Nick T,['423.p.30552'],['Matt Breida'],['423.p.30997'],['Rashaad Penny'],1,2023-09-20 07:10:24
423.l.129200.t.3,Nick,['423.p.30248'],['Joshua Dobbs'],['423.p.40118'],"[""De'Von Achane""]",1,2023-09-20 07:10:24
423.l.129200.t.9,light,['423.p.100011'],['Indianapolis'],['423.p.100033'],['Baltimore'],1,2023-09-17 16:53:59
423.l.129200.t.12,James,['423.p.34659'],['Rashid Shaheed'],['423.p.32843'],['Darnell Mooney'],1,2023-09-17 15:36:12
423.l.129200.t.12,James,['423.p.100023'],['Pittsburgh'],['423.p.100001'],['Atlanta'],1,2023-09-17 15:33:03
423.l.129200.t.8,tyler,['423.p.40119'],['Tyjae Spears'],['423.p.31268'],['Allen Lazard'],1,2023-09-16 16:30:07
423.l.129200.t.4,chris l,['423.p.31107'],['Dalton Schultz'],['423.p.30995'],['Hayden Hurst'],1,2023-09-16 07:09:54
423.l.129200.t.6,Nick T,['423.p.30175'],['JuJu Smith-Schuster'],['423.p.27624'],['Jerick McKinnon'],1,2023-09-16 07:09:54
423.l.129200.t.9,light,['423.p.33514'],['Chuba Hubbard'],['423.p.33798'],['Deon Jackson'],1,2023-09-15 03:25:35
423.l.129200.t.11,ppratt,['423.p.32756'],['Zack Moss'],['423.p.29288'],['Tyler Boyd'],1,2023-09-14 14:04:06
423.l.129200.t.11,ppratt,['423.p.34120'],['Kyren Williams'],['423.p.40084'],['Rashee Rice'],0,2023-09-13 14:15:03
423.l.129200.t.4,chris l,['423.p.30995'],['Hayden Hurst'],['423.p.30157'],['Gerald Everett'],0,2023-09-13 13:22:51
423.l.129200.t.4,chris l,['423.p.100019'],['New York'],['423.p.30175'],['JuJu Smith-Schuster'],0,2023-09-13 13:05:33
423.l.129200.t.8,tyler,['423.p.31424'],['Gus Edwards'],['423.p.31051'],['Michael Gallup'],0,2023-09-13 07:10:25
423.l.129200.t.8,tyler,['423.p.31945'],['Justice Hill'],['423.p.32725'],['J.K. Dobbins'],0,2023-09-13 07:10:25
423.l.129200.t.2,Joel,['423.p.100020'],['New York'],['423.p.100028'],['Washington'],0,2023-09-13 07:10:25
423.l.129200.t.11,ppratt,['423.p.32782'],['Joshua Kelley'],['423.p.31107'],['Dalton Schultz'],0,2023-09-13 07:10:25
423.l.129200.t.12,James,['423.p.33390'],['Zach Wilson'],['423.p.27277'],['Adam Thielen'],0,2023-09-13 07:10:25
423.l.129200.t.9,light,['423.p.34344'],['Cameron Dicker'],['423.p.9526'],['Graham Gano'],0,2023-09-13 07:10:25
423.l.129200.t.3,Nick,['423.p.100027'],['Tampa Bay'],['423.p.100024'],['Los Angeles'],0,2023-09-13 07:10:25
423.l.129200.t.7,Jesse B,['423.p.40168'],['Puka Nacua'],['423.p.33550'],['Noah Gray'],0,2023-09-13 07:10:25
423.l.129200.t.1,Cody Bakken,['423.p.32727'],['Van Jefferson'],['423.p.34009'],['Skyy Moore'],0,2023-09-10 12:46:56
423.l.129200.t.7,Jesse B,['423.p.33550'],['Noah Gray'],['423.p.34088'],['Romeo Doubs'],0,2023-09-07 22:42:48
423.l.129200.t.12,James,['423.p.100001'],['Atlanta'],['423.p.100011'],['Indianapolis'],0,2023-09-07 18:42:12
423.l.129200.t.5,Mike Bingham,['423.p.100026'],['Seattle'],['423.p.100020'],['New York'],-1,2023-09-05 13:10:08
423.l.129200.t.4,chris l,['423.p.27120'],['Brandon McManus'],['423.p.31928'],['Dawson Knox'],-1,2023-09-03 19:03:52
423.l.129200.t.10,Brian,['423.p.100007'],['Denver'],['423.p.100003'],['Chicago'],-1,2023-09-03 13:24:58
423.l.129200.t.9,light,['423.p.9526'],['Graham Gano'],['423.p.33781'],['Riley Patterson'],-1,2023-09-02 06:20:54
423.l.129200.t.9,light,['423.p.33781'],['Riley Patterson'],['423.p.29792'],"[""Ka'imi Fairbairn""]",-1,2023-09-02 06:19:08
423.l.129200.t.9,light,['423.p.33798'],['Deon Jackson'],['423.p.31394'],['Jeff Wilson Jr.'],-1,2023-09-02 06:16:21
423.l.129200.t.12,James,['423.p.32843'],['Darnell Mooney'],['423.p.40073'],['Jonathan Mingo'],-1,2023-08-31 18:39:35
423.l.129200.t.2,Joel,['423.p.28378'],['Jason Myers'],['423.p.33967'],['Jameson Williams'],-2,2023-08-27 18:05:34
423.l.129200.t.2,Joel,['423.p.100028'],['Washington'],['423.p.40162'],['Roschon Johnson'],-2,2023-08-27 17:57:38
423.l.129200.t.9,light,['423.p.100033'],['Baltimore'],['423.p.100029'],['Carolina'],-2,2023-08-27 15:04:00
423.l.129200.t.10,Brian,['423.p.34085'],['Jake Ferguson'],['423.p.26658'],['Zach Ertz'],-2,2023-08-27 14:38:06
423.l.129200.t.10,Brian,['423.p.33422'],['Elijah Moore'],['423.p.32231'],['Jakobi Meyers'],-2,2023-08-27 14:32:12
