player_key,player_id,player_name,team,nfl_player_key,position,bye_week,points,league_key
406.p.30182,30182,Cooper Kupp,Los Angeles Rams,nfl.p.30182,WR,11,439.50,406.l.161660
406.p.30977,30977,Josh Allen,Buffalo Bills,nfl.p.30977,QB,7,402.58,406.l.161660
406.p.32676,32676,Justin Herbert,Los Angeles Chargers,nfl.p.32676,QB,7,380.76,406.l.161660
406.p.5228,5228,Tom Brady,Tampa Bay Buccaneers,nfl.p.5228,QB,9,374.74,406.l.161660
406.p.32711,32711,Jonathan Taylor,Indianapolis Colts,nfl.p.32711,RB,14,373.10,406.l.161660
406.p.30123,30123,Patrick Mahomes,Kansas City Chiefs,nfl.p.30123,QB,12,361.66,406.l.161660
406.p.27581,27581,Davante Adams,Las Vegas Raiders,nfl.p.27581,WR,8,344.30,406.l.161660
406.p.30423,30423,Austin Ekeler,Los Angeles Chargers,nfl.p.30423,RB,7,343.80,406.l.161660
406.p.31868,31868,Deebo Samuel,San Francisco 49ers,nfl.p.31868,WR,6,338.96,406.l.161660
406.p.7200,7200,Aaron Rodgers,Green Bay Packers,nfl.p.7200,QB,13,333.30,406.l.161660
406.p.32692,32692,Justin Jefferson,Minnesota Vikings,nfl.p.32692,WR,7,330.40,406.l.161660
406.p.9265,9265,Matthew Stafford,Los Angeles Rams,nfl.p.9265,QB,11,329.74,406.l.161660
406.p.29369,29369,Dak Prescott,Dallas Cowboys,nfl.p.29369,QB,7,320.56,406.l.161660
406.p.32671,32671,Joe Burrow,Cincinnati Bengals,nfl.p.32671,QB,10,314.24,406.l.161660
406.p.32723,32723,Jalen Hurts,Philadelphia Eagles,nfl.p.32723,QB,14,312.16,406.l.161660
406.p.33393,33393,Ja'Marr Chase,Cincinnati Bengals,nfl.p.33393,WR,10,304.60,406.l.161660
406.p.31056,31056,Mark Andrews,Baltimore Ravens,nfl.p.31056,TE,8,301.10,406.l.161660
406.p.33412,33412,Najee Harris,Pittsburgh Steelers,nfl.p.33412,RB,7,300.70,406.l.161660
406.p.31833,31833,Kyler Murray,Arizona Cardinals,nfl.p.31833,QB,12,300.48,406.l.161660
406.p.25812,25812,Kirk Cousins,Minnesota Vikings,nfl.p.25812,QB,7,300.34,406.l.161660
406.p.29399,29399,Tyreek Hill,Miami Dolphins,nfl.p.29399,WR,14,296.50,406.l.161660
406.p.30161,30161,Joe Mixon,Cincinnati Bengals,nfl.p.30161,RB,10,287.90,406.l.161660
406.p.28534,28534,Stefon Diggs,Buffalo Bills,nfl.p.28534,WR,7,285.50,406.l.161660
406.p.31898,31898,Diontae Johnson,Pittsburgh Steelers,nfl.p.31898,WR,7,274.40,406.l.161660
406.p.25718,25718,Ryan Tannehill,Tennessee Titans,nfl.p.25718,QB,13,268.36,406.l.161660
406.p.26686,26686,Travis Kelce,Kansas City Chiefs,nfl.p.26686,TE,12,262.80,406.l.161660
406.p.27535,27535,Mike Evans,Tampa Bay Buccaneers,nfl.p.27535,WR,9,262.50,406.l.161660
406.p.31981,31981,Hunter Renfrow,Las Vegas Raiders,nfl.p.31981,WR,8,259.10,406.l.161660
406.p.29236,29236,Carson Wentz,Washington Commanders,nfl.p.29236,QB,9,258.02,406.l.161660
406.p.26699,26699,Keenan Allen,Los Angeles Chargers,nfl.p.26699,WR,7,257.80,406.l.161660
406.p.30218,30218,James Conner,Arizona Cardinals,nfl.p.30218,RB,12,257.70,406.l.161660
406.p.27564,27564,Derek Carr,Las Vegas Raiders,nfl.p.27564,QB,8,256.96,406.l.161660
406.p.30117,30117,Leonard Fournette,Tampa Bay Buccaneers,nfl.p.30117,RB,9,255.60,406.l.161660
406.p.29238,29238,Ezekiel Elliott,Dallas Cowboys,nfl.p.29238,RB,7,252.06,406.l.161660
406.p.30120,30120,Mike Williams,Los Angeles Chargers,nfl.p.30120,WR,7,246.60,406.l.161660
406.p.33394,33394,Jaylen Waddle,Miami Dolphins,nfl.p.33394,WR,14,245.80,406.l.161660
406.p.31896,31896,DK Metcalf,Seattle Seahawks,nfl.p.31896,WR,9,244.30,406.l.161660
406.p.25785,25785,Russell Wilson,Denver Broncos,nfl.p.25785,QB,11,242.82,406.l.161660
406.p.30197,30197,Chris Godwin,Tampa Bay Buccaneers,nfl.p.30197,WR,9,242.40,406.l.161660
406.p.28457,28457,Tyler Lockett,Seattle Seahawks,nfl.p.28457,WR,9,241.40,406.l.161660
406.p.31002,31002,Lamar Jackson,Baltimore Ravens,nfl.p.31002,QB,8,239.98,406.l.161660
406.p.32704,32704,Michael Pittman Jr.,Indianapolis Colts,nfl.p.32704,WR,14,238.60,406.l.161660
406.p.30994,30994,DJ Moore,Carolina Panthers,nfl.p.30994,WR,13,237.50,406.l.161660
406.p.30180,30180,Alvin Kamara,New Orleans Saints,nfl.p.30180,RB,6,234.70,406.l.161660
406.p.26652,26652,Cordarrelle Patterson,Atlanta Falcons,nfl.p.26652,"WR,RB",6,234.60,406.l.161660
406.p.32687,32687,CeeDee Lamb,Dallas Cowboys,nfl.p.32687,WR,7,232.80,406.l.161660
406.p.27548,27548,Brandin Cooks,Houston Texans,nfl.p.27548,WR,10,231.80,406.l.161660
406.p.32736,32736,Antonio Gibson,Washington Commanders,nfl.p.32736,RB,9,229.10,406.l.161660
406.p.30295,30295,Aaron Jones,Green Bay Packers,nfl.p.30295,RB,13,229.00,406.l.161660
406.p.27590,27590,Jimmy Garoppolo,San Francisco 49ers,nfl.p.27590,QB,6,227.50,406.l.161660
406.p.33500,33500,Amon-Ra St. Brown,Detroit Lions,nfl.p.33500,WR,9,227.30,406.l.161660
406.p.100006,100006,Dallas,Dallas Cowboys,nfl.p.100006,DEF,7,227.00,406.l.161660
406.p.31857,31857,Marquise Brown,Arizona Cardinals,nfl.p.31857,WR,12,226.30,406.l.161660
406.p.31856,31856,Josh Jacobs,Las Vegas Raiders,nfl.p.31856,RB,8,226.00,406.l.161660
406.p.33403,33403,Mac Jones,New England Patriots,nfl.p.33403,QB,14,224.94,406.l.161660
406.p.8780,8780,Matt Ryan,Indianapolis Colts,nfl.p.8780,QB,14,222.92,406.l.161660
406.p.28839,28839,Taylor Heinicke,Washington Commanders,nfl.p.28839,QB,9,222.86,406.l.161660
406.p.100002,100002,Buffalo,Buffalo Bills,nfl.p.100002,DEF,7,222.00,406.l.161660
406.p.32843,32843,Darnell Mooney,Chicago Bears,nfl.p.32843,WR,10,219.70,406.l.161660
406.p.32703,32703,Tee Higgins,Cincinnati Bengals,nfl.p.32703,WR,10,219.10,406.l.161660
406.p.6770,6770,Ben Roethlisberger,Pittsburgh Steelers,nfl.p.6770,QB,7,218.10,406.l.161660
406.p.31005,31005,Nick Chubb,Cleveland Browns,nfl.p.31005,RB,13,215.30,406.l.161660
406.p.31908,31908,Terry McLaurin,Washington Commanders,nfl.p.31908,WR,9,213.50,406.l.161660
406.p.31919,31919,Damien Harris,New England Patriots,nfl.p.31919,RB,14,210.10,406.l.161660
406.p.32705,32705,D'Andre Swift,Detroit Lions,nfl.p.32705,RB,9,208.90,406.l.161660
406.p.31107,31107,Dalton Schultz,Dallas Cowboys,nfl.p.31107,TE,7,208.80,406.l.161660
406.p.31017,31017,Christian Kirk,Jacksonville Jaguars,nfl.p.31017,WR,7,207.62,406.l.161660
406.p.30154,30154,Dalvin Cook,Minnesota Vikings,nfl.p.30154,RB,7,206.30,406.l.161660
406.p.33423,33423,Javonte Williams,Denver Broncos,nfl.p.33423,RB,11,204.90,406.l.161660
406.p.100017,100017,New England,New England Patriots,nfl.p.100017,DEF,14,203.00,406.l.161660
406.p.27560,27560,Teddy Bridgewater,Miami Dolphins,nfl.p.27560,QB,14,202.68,406.l.161660
406.p.28392,28392,Amari Cooper,Cleveland Browns,nfl.p.28392,WR,13,202.50,406.l.161660
406.p.100018,100018,New Orleans,New Orleans Saints,nfl.p.100018,DEF,6,202.00,406.l.161660
406.p.27277,27277,Adam Thielen,Minnesota Vikings,nfl.p.27277,WR,7,199.80,406.l.161660
406.p.33389,33389,Trevor Lawrence,Jacksonville Jaguars,nfl.p.33389,QB,7,199.04,406.l.161660
406.p.30259,30259,George Kittle,San Francisco 49ers,nfl.p.30259,TE,6,198.00,406.l.161660
406.p.31906,31906,Devin Singletary,Buffalo Bills,nfl.p.31906,RB,7,197.80,406.l.161660
406.p.31500,31500,Darrel Williams,Arizona Cardinals,nfl.p.31500,RB,12,196.00,406.l.161660
406.p.28403,28403,Melvin Gordon III,Denver Broncos,nfl.p.28403,RB,11,195.10,406.l.161660
406.p.31905,31905,David Montgomery,Chicago Bears,nfl.p.31905,RB,10,195.00,406.l.161660
406.p.29235,29235,Jared Goff,Detroit Lions,nfl.p.29235,QB,9,194.50,406.l.161660
406.p.100015,100015,Miami,Miami Dolphins,nfl.p.100015,DEF,14,194.00,406.l.161660
406.p.29279,29279,Derrick Henry,Tennessee Titans,nfl.p.29279,RB,13,193.30,406.l.161660
406.p.32231,32231,Jakobi Meyers,New England Patriots,nfl.p.32231,WR,14,186.30,406.l.161660
406.p.32732,32732,AJ Dillon,Green Bay Packers,nfl.p.32732,RB,13,185.60,406.l.161660
406.p.33398,33398,DeVonta Smith,Philadelphia Eagles,nfl.p.33398,WR,14,185.60,406.l.161660
406.p.100027,100027,Tampa Bay,Tampa Bay Buccaneers,nfl.p.100027,DEF,9,184.50,406.l.161660
406.p.29288,29288,Tyler Boyd,Cincinnati Bengals,nfl.p.29288,WR,10,183.84,406.l.161660
406.p.32675,32675,Tua Tagovailoa,Miami Dolphins,nfl.p.32675,QB,14,180.92,406.l.161660
406.p.30971,30971,Baker Mayfield,Cleveland Browns,nfl.p.30971,QB,13,180.90,406.l.161660
406.p.31883,31883,A.J. Brown,Philadelphia Eagles,nfl.p.31883,WR,14,180.90,406.l.161660
406.p.26658,26658,Zach Ertz,Arizona Cardinals,nfl.p.26658,TE,12,180.70,406.l.161660
406.p.30551,30551,Kendrick Bourne,New England Patriots,nfl.p.30551,WR,14,180.50,406.l.161660
406.p.25876,25876,Marvin Jones Jr.,Jacksonville Jaguars,nfl.p.25876,WR,7,180.20,406.l.161660
406.p.100011,100011,Indianapolis,Indianapolis Colts,nfl.p.100011,DEF,14,177.00,406.l.161660
406.p.33392,33392,Kyle Pitts,Atlanta Falcons,nfl.p.33392,TE,6,176.60,406.l.161660
406.p.33138,33138,James Robinson,Jacksonville Jaguars,nfl.p.33138,RB,7,173.90,406.l.161660
406.p.32066,32066,Myles Gaskin,Miami Dolphins,nfl.p.32066,RB,14,173.60,406.l.161660
406.p.24017,24017,Rob Gronkowski,Tampa Bay Buccaneers,nfl.p.24017,TE,9,171.20,406.l.161660
406.p.100022,100022,Arizona,Arizona Cardinals,nfl.p.100022,DEF,12,171.00,406.l.161660
406.p.100014,100014,Los Angeles,Los Angeles Rams,nfl.p.100014,DEF,11,170.50,406.l.161660
406.p.32695,32695,Brandon Aiyuk,San Francisco 49ers,nfl.p.32695,WR,6,170.30,406.l.161660
406.p.31137,31137,Daniel Carlson,Las Vegas Raiders,nfl.p.31137,K,8,170.00,406.l.161660
406.p.100010,100010,Tennessee,Tennessee Titans,nfl.p.100010,DEF,13,169.50,406.l.161660
406.p.32727,32727,Van Jefferson,Los Angeles Rams,nfl.p.32727,WR,11,168.20,406.l.161660
406.p.100025,100025,San Francisco,San Francisco 49ers,nfl.p.100025,DEF,6,168.00,406.l.161660
406.p.31838,31838,Daniel Jones,New York Giants,nfl.p.31838,QB,10,167.52,406.l.161660
406.p.100007,100007,Denver,Denver Broncos,nfl.p.100007,DEF,11,167.00,406.l.161660
406.p.100023,100023,Pittsburgh,Pittsburgh Steelers,nfl.p.100023,DEF,7,167.00,406.l.161660
406.p.32719,32719,Chase Claypool,Pittsburgh Steelers,nfl.p.32719,WR,7,166.60,406.l.161660
406.p.8432,8432,Nick Folk,New England Patriots,nfl.p.8432,K,14,166.00,406.l.161660
406.p.31012,31012,Mike Gesicki,Miami Dolphins,nfl.p.31012,TE,14,165.00,406.l.161660
406.p.31019,31019,Dallas Goedert,Philadelphia Eagles,nfl.p.31019,TE,14,165.00,406.l.161660
406.p.33582,33582,Eli Mitchell,San Francisco 49ers,nfl.p.33582,RB,6,165.00,406.l.161660
406.p.29269,29269,Hunter Henry,New England Patriots,nfl.p.29269,TE,14,164.30,406.l.161660
406.p.31928,31928,Dawson Knox,Buffalo Bills,nfl.p.31928,TE,7,164.10,406.l.161660
406.p.31902,31902,Darrell Henderson Jr.,Los Angeles Rams,nfl.p.31902,RB,11,163.40,406.l.161660
406.p.31164,31164,Russell Gage,Tampa Bay Buccaneers,nfl.p.31164,WR,9,163.00,406.l.161660
406.p.31960,31960,Tony Pollard,Dallas Cowboys,nfl.p.31960,RB,7,162.60,406.l.161660
406.p.26534,26534,Justin Tucker,Baltimore Ravens,nfl.p.26534,K,8,162.00,406.l.161660
406.p.100012,100012,Kansas City,Kansas City Chiefs,nfl.p.100012,DEF,12,161.00,406.l.161660
406.p.26060,26060,Cole Beasley,Buffalo Bills,nfl.p.26060,WR,7,159.30,406.l.161660
406.p.28188,28188,Chris Boswell,Pittsburgh Steelers,nfl.p.28188,K,7,159.00,406.l.161660
406.p.31852,31852,Noah Fant,Seattle Seahawks,nfl.p.31852,TE,9,159.00,406.l.161660
406.p.32846,32846,K.J. Osborn,Minnesota Vikings,nfl.p.32846,WR,7,158.50,406.l.161660
406.p.31977,31977,Matt Gay,Los Angeles Rams,nfl.p.31977,K,11,158.00,406.l.161660
406.p.30973,30973,Sam Darnold,Carolina Panthers,nfl.p.30973,QB,13,157.28,406.l.161660
406.p.33455,33455,Davis Mills,Houston Texans,nfl.p.33455,QB,10,156.96,406.l.161660
406.p.24791,24791,A.J. Green,Arizona Cardinals,nfl.p.24791,WR,12,156.80,406.l.161660
406.p.30511,30511,Tim Patrick,Denver Broncos,nfl.p.30511,WR,11,156.40,406.l.161660
406.p.33495,33495,Michael Carter,New York Jets,nfl.p.33495,RB,6,154.40,406.l.161660
406.p.100021,100021,Philadelphia,Philadelphia Eagles,nfl.p.100021,DEF,14,153.50,406.l.161660
406.p.100004,100004,Cincinnati,Cincinnati Bengals,nfl.p.100004,DEF,10,153.00,406.l.161660
406.p.100016,100016,Minnesota,Minnesota Vikings,nfl.p.100016,DEF,7,152.50,406.l.161660
406.p.33537,33537,Evan McPherson,Cincinnati Bengals,nfl.p.33537,K,10,152.00,406.l.161660
406.p.100005,100005,Cleveland,Cleveland Browns,nfl.p.100005,DEF,13,152.00,406.l.161660
406.p.33390,33390,Zach Wilson,New York Jets,nfl.p.33390,QB,6,151.86,406.l.161660
406.p.33109,33109,Marquez Callaway,New Orleans Saints,nfl.p.33109,WR,6,151.80,406.l.161660
406.p.33443,33443,Pat Freiermuth,Pittsburgh Steelers,nfl.p.33443,TE,7,151.70,406.l.161660
406.p.100009,100009,Green Bay,Green Bay Packers,nfl.p.100009,DEF,13,151.50,406.l.161660
406.p.31538,31538,Greg Joseph,Minnesota Vikings,nfl.p.31538,K,7,151.00,406.l.161660
406.p.31010,31010,Courtland Sutton,Denver Broncos,nfl.p.31010,WR,11,150.24,406.l.161660
406.p.30266,30266,Jake Elliott,Philadelphia Eagles,nfl.p.30266,K,14,150.00,406.l.161660
406.p.8565,8565,Matt Prater,Arizona Cardinals,nfl.p.8565,K,12,150.00,406.l.161660
406.p.30972,30972,Saquon Barkley,New York Giants,nfl.p.30972,RB,10,148.60,406.l.161660
406.p.31178,31178,Cedrick Wilson,Miami Dolphins,nfl.p.31178,WR,14,147.82,406.l.161660
406.p.26650,26650,DeAndre Hopkins,Arizona Cardinals,nfl.p.26650,WR,12,147.20,406.l.161660
406.p.29344,29344,Tyler Higbee,Los Angeles Rams,nfl.p.29344,TE,11,147.00,406.l.161660
406.p.27631,27631,Devonta Freeman,Baltimore Ravens,nfl.p.27631,RB,8,146.60,406.l.161660
406.p.100003,100003,Chicago,Chicago Bears,nfl.p.100003,DEF,10,146.50,406.l.161660
406.p.31001,31001,Sony Michel,Miami Dolphins,nfl.p.31001,RB,14,146.30,406.l.161660
406.p.31840,31840,T.J. Hockenson,Detroit Lions,nfl.p.31840,TE,9,145.30,406.l.161660
406.p.29370,29370,Devontae Booker,New York Giants,nfl.p.29370,RB,10,144.10,406.l.161660
406.p.31104,31104,Chase Edmonds,Miami Dolphins,nfl.p.31104,RB,14,143.30,406.l.161660
406.p.26800,26800,Dustin Hopkins,Los Angeles Chargers,nfl.p.26800,K,7,143.00,406.l.161660
406.p.31268,31268,Allen Lazard,Green Bay Packers,nfl.p.31268,WR,13,142.50,406.l.161660
406.p.32858,32858,Tyler Bass,Buffalo Bills,nfl.p.32858,K,7,142.00,406.l.161660
406.p.31888,31888,Mecole Hardman,Kansas City Chiefs,nfl.p.31888,WR,12,140.90,406.l.161660
406.p.29785,29785,Robbie Anderson,Carolina Panthers,nfl.p.29785,WR,13,138.50,406.l.161660
406.p.31127,31127,Tyler Conklin,New York Jets,nfl.p.31127,TE,6,138.30,406.l.161660
406.p.33422,33422,Elijah Moore,New York Jets,nfl.p.33422,WR,6,138.20,406.l.161660
406.p.28514,28514,Mike Davis,Baltimore Ravens,nfl.p.28514,RB,8,138.20,406.l.161660
406.p.30346,30346,Harrison Butker,Kansas City Chiefs,nfl.p.30346,K,12,138.00,406.l.161660
406.p.33514,33514,Chuba Hubbard,Carolina Panthers,nfl.p.33514,RB,13,137.60,406.l.161660
406.p.26664,26664,Robert Woods,Tennessee Titans,nfl.p.26664,WR,13,137.20,406.l.161660
406.p.9520,9520,Ryan Succop,Tampa Bay Buccaneers,nfl.p.9520,K,9,134.00,406.l.161660
406.p.28592,28592,Darren Waller,Las Vegas Raiders,nfl.p.28592,TE,8,133.50,406.l.161660
406.p.27591,27591,Jarvis Landry,New Orleans Saints,nfl.p.27591,WR,6,133.00,406.l.161660
406.p.25881,25881,Greg Zuerlein,New York Jets,nfl.p.25881,K,6,133.00,406.l.161660
406.p.100029,100029,Carolina,Carolina Panthers,nfl.p.100029,DEF,13,132.50,406.l.161660
406.p.9353,9353,Jared Cook,Los Angeles Chargers,nfl.p.9353,TE,7,132.40,406.l.161660
406.p.29631,29631,Kalif Raymond,Detroit Lions,nfl.p.29631,WR,9,132.40,406.l.161660
406.p.24057,24057,Emmanuel Sanders,Buffalo Bills,nfl.p.24057,WR,7,131.70,406.l.161660
406.p.100026,100026,Seattle,Seattle Seahawks,nfl.p.100026,DEF,9,131.00,406.l.161660
406.p.27540,27540,Odell Beckham Jr.,Los Angeles Rams,nfl.p.27540,WR,11,129.10,406.l.161660
406.p.100033,100033,Baltimore,Baltimore Ravens,nfl.p.100033,DEF,8,129.00,406.l.161660
406.p.28545,28545,C.J. Uzomah,New York Jets,nfl.p.28545,TE,6,128.30,406.l.161660
406.p.8447,8447,Mason Crosby,Green Bay Packers,nfl.p.8447,K,13,128.00,406.l.161660
406.p.29650,29650,J.D. McKissic,Washington Commanders,nfl.p.29650,RB,9,127.90,406.l.161660
406.p.30121,30121,Christian McCaffrey,Carolina Panthers,nfl.p.30121,RB,13,127.50,406.l.161660
406.p.25871,25871,Randy Bullock,Tennessee Titans,nfl.p.25871,K,13,127.00,406.l.161660
406.p.27120,27120,Brandon McManus,Denver Broncos,nfl.p.27120,K,11,127.00,406.l.161660
406.p.32712,32712,Laviska Shenault Jr.,Jacksonville Jaguars,nfl.p.32712,WR,7,127.00,406.l.161660
406.p.31496,31496,Byron Pringle,Chicago Bears,nfl.p.31496,WR,10,126.80,406.l.161660
406.p.33399,33399,Justin Fields,Chicago Bears,nfl.p.33399,QB,10,126.80,406.l.161660
406.p.100028,100028,Washington,Washington Commanders,nfl.p.100028,DEF,9,126.50,406.l.161660
406.p.32798,32798,Gabriel Davis,Buffalo Bills,nfl.p.32798,WR,7,125.90,406.l.161660
406.p.31934,31934,Alexander Mattison,Minnesota Vikings,nfl.p.31934,RB,7,125.90,406.l.161660
406.p.30426,30426,Younghoe Koo,Atlanta Falcons,nfl.p.30426,K,6,125.00,406.l.161660
406.p.26389,26389,Brandon Bolden,Las Vegas Raiders,nfl.p.26389,RB,8,124.10,406.l.161660
406.p.100034,100034,Houston,Houston Texans,nfl.p.100034,DEF,10,123.50,406.l.161660
406.p.33538,33538,Kenneth Gainwell,Philadelphia Eagles,nfl.p.33538,RB,14,123.40,406.l.161660
406.p.9526,9526,Graham Gano,New York Giants,nfl.p.9526,K,10,122.00,406.l.161660
406.p.30614,30614,Taysom Hill,New Orleans Saints,nfl.p.30614,QB,6,121.72,406.l.161660
406.p.30997,30997,Rashaad Penny,Seattle Seahawks,nfl.p.30997,RB,9,121.70,406.l.161660
406.p.32713,32713,Cole Kmet,Chicago Bears,nfl.p.32713,TE,10,121.20,406.l.161660
406.p.24171,24171,Antonio Brown,Tampa Bay Buccaneers,nfl.p.24171,WR,9,121.10,406.l.161660
406.p.31180,31180,Braxton Berrios,New York Jets,nfl.p.31180,WR,6,121.10,406.l.161660
406.p.30247,30247,Jamaal Williams,Detroit Lions,nfl.p.30247,RB,9,119.80,406.l.161660
406.p.30157,30157,Gerald Everett,Los Angeles Chargers,nfl.p.30157,TE,7,117.80,406.l.161660
406.p.32702,32702,Clyde Edwards-Helaire,Kansas City Chiefs,nfl.p.32702,RB,12,117.60,406.l.161660
406.p.100019,100019,New York,New York Giants,nfl.p.100019,DEF,10,117.50,406.l.161660
406.p.28389,28389,Jameis Winston,New Orleans Saints,nfl.p.28389,QB,6,117.40,406.l.161660
406.p.31885,31885,Miles Sanders,Philadelphia Eagles,nfl.p.31885,RB,14,117.20,406.l.161660
406.p.32018,32018,Ty Johnson,New York Jets,nfl.p.32018,RB,6,117.00,406.l.161660
406.p.32870,32870,Quez Watkins,Philadelphia Eagles,nfl.p.32870,WR,14,116.00,406.l.161660
406.p.28227,28227,Cairo Santos,Chicago Bears,nfl.p.28227,K,10,115.00,406.l.161660
406.p.33508,33508,Rhamondre Stevenson,New England Patriots,nfl.p.33508,RB,14,114.90,406.l.161660
406.p.32398,32398,Deonte Harty,New Orleans Saints,nfl.p.32398,WR,6,113.10,406.l.161660
406.p.31074,31074,Nyheim Hines,Indianapolis Colts,nfl.p.31074,RB,14,112.60,406.l.161660
406.p.100024,100024,Los Angeles,Los Angeles Chargers,nfl.p.100024,DEF,7,112.50,406.l.161660
406.p.31199,31199,Jason Sanders,Miami Dolphins,nfl.p.31199,K,14,112.00,406.l.161660
406.p.7520,7520,Robbie Gould,San Francisco 49ers,nfl.p.7520,K,6,111.00,406.l.161660
406.p.30199,30199,Kareem Hunt,Cleveland Browns,nfl.p.30199,RB,13,110.00,406.l.161660
406.p.32857,32857,Donovan Peoples-Jones,Cleveland Browns,nfl.p.32857,WR,13,109.70,406.l.161660
406.p.28493,28493,Jamison Crowder,Buffalo Bills,nfl.p.28493,WR,7,109.70,406.l.161660
406.p.32751,32751,Bryan Edwards,Atlanta Falcons,nfl.p.32751,WR,6,109.10,406.l.161660
406.p.33437,33437,Rondale Moore,Arizona Cardinals,nfl.p.33437,WR,12,109.10,406.l.161660
406.p.24815,24815,Mark Ingram II,New Orleans Saints,nfl.p.24815,RB,6,108.60,406.l.161660
406.p.33348,33348,Nick Westbrook-Ikhine,Tennessee Titans,nfl.p.33348,WR,13,107.60,406.l.161660
406.p.30142,30142,David Njoku,Cleveland Browns,nfl.p.30142,TE,13,107.60,406.l.161660
406.p.30150,30150,Zay Jones,Jacksonville Jaguars,nfl.p.30150,WR,7,105.90,406.l.161660
406.p.30118,30118,Corey Davis,New York Jets,nfl.p.30118,WR,6,105.20,406.l.161660
406.p.32756,32756,Zack Moss,Buffalo Bills,nfl.p.32756,RB,7,105.20,406.l.161660
406.p.26813,26813,Rex Burkhead,Houston Texans,nfl.p.26813,RB,10,104.30,406.l.161660
406.p.32608,32608,D'Ernest Johnson,Cleveland Browns,nfl.p.32608,RB,13,104.10,406.l.161660
406.p.26804,26804,Latavius Murray,Baltimore Ravens,nfl.p.26804,RB,8,103.60,406.l.161660
406.p.28402,28402,DeVante Parker,New England Patriots,nfl.p.28402,WR,14,103.50,406.l.161660
406.p.33415,33415,Rashod Bateman,Baltimore Ravens,nfl.p.33415,WR,8,103.50,406.l.161660
406.p.28408,28408,Nelson Agholor,New England Patriots,nfl.p.28408,WR,14,103.40,406.l.161660
406.p.30136,30136,Evan Engram,Jacksonville Jaguars,nfl.p.30136,TE,7,102.50,406.l.161660
406.p.29307,29307,Kenyan Drake,Las Vegas Raiders,nfl.p.29307,RB,8,102.50,406.l.161660
406.p.100013,100013,Las Vegas,Las Vegas Raiders,nfl.p.100013,DEF,8,100.50,406.l.161660
406.p.31366,31366,Michael Badgley,Indianapolis Colts,nfl.p.31366,K,14,100.00,406.l.161660
406.p.28378,28378,Jason Myers,Seattle Seahawks,nfl.p.28378,K,9,99.00,406.l.161660
406.p.31171,31171,Boston Scott,Philadelphia Eagles,nfl.p.31171,RB,14,98.60,406.l.161660
406.p.32201,32201,Jalen Guyton,Los Angeles Chargers,nfl.p.32201,WR,7,97.20,406.l.161660
406.p.30337,30337,Zane Gonzalez,Carolina Panthers,nfl.p.30337,K,13,97.00,406.l.161660
406.p.32384,32384,Joey Slye,Washington Commanders,nfl.p.32384,K,9,96.00,406.l.161660
406.p.30502,30502,Zach Pascal,Philadelphia Eagles,nfl.p.30502,WR,14,94.50,406.l.161660
406.p.30202,30202,D'Onta Foreman,Carolina Panthers,nfl.p.30202,RB,13,93.90,406.l.161660
406.p.24851,24851,Randall Cobb,Green Bay Packers,nfl.p.24851,WR,13,93.60,406.l.161660
406.p.100008,100008,Detroit,Detroit Lions,nfl.p.100008,DEF,9,93.00,406.l.161660
406.p.100001,100001,Atlanta,Atlanta Falcons,nfl.p.100001,DEF,6,93.00,406.l.161660
406.p.33465,33465,Joshua Palmer,Los Angeles Chargers,nfl.p.33465,WR,7,92.90,406.l.161660
406.p.29315,29315,Austin Hooper,Tennessee Titans,nfl.p.29315,TE,13,92.50,406.l.161660
406.p.32417,32417,Chase McLaughlin,Cleveland Browns,nfl.p.32417,K,13,92.00,406.l.161660
406.p.31051,31051,Michael Gallup,Dallas Cowboys,nfl.p.31051,WR,7,91.50,406.l.161660
406.p.100020,100020,New York,New York Jets,nfl.p.100020,DEF,6,90.50,406.l.161660
406.p.28638,28638,Trevor Siemian,Chicago Bears,nfl.p.28638,QB,10,90.16,406.l.161660
406.p.32123,32123,Olamide Zaccheaus,Atlanta Falcons,nfl.p.32123,WR,6,89.80,406.l.161660
406.p.28442,28442,Ameer Abdullah,Las Vegas Raiders,nfl.p.28442,RB,8,89.50,406.l.161660
406.p.30209,30209,Kenny Golladay,New York Giants,nfl.p.30209,WR,10,89.10,406.l.161660
406.p.100030,100030,Jacksonville,Jacksonville Jaguars,nfl.p.100030,DEF,7,88.50,406.l.161660
406.p.31061,31061,Tre'Quan Smith,New Orleans Saints,nfl.p.31061,WR,6,87.70,406.l.161660
406.p.31144,31144,Marquez Valdes-Scantling,Kansas City Chiefs,nfl.p.31144,WR,12,87.00,406.l.161660
406.p.27589,27589,Allen Robinson II,Los Angeles Rams,nfl.p.27589,WR,11,87.00,406.l.161660
406.p.28947,28947,DeAndre Carter,Los Angeles Chargers,nfl.p.28947,WR,7,86.50,406.l.161660
406.p.32884,32884,Freddie Swain,Seattle Seahawks,nfl.p.32884,WR,9,86.50,406.l.161660
406.p.24788,24788,Cam Newton,Carolina Panthers,nfl.p.24788,QB,13,86.36,406.l.161660
406.p.31221,31221,Justin Jackson,Los Angeles Chargers,nfl.p.31221,RB,7,86.20,406.l.161660
406.p.31969,31969,Foster Moreau,Las Vegas Raiders,nfl.p.31969,TE,8,85.30,406.l.161660
406.p.32685,32685,Jerry Jeudy,Denver Broncos,nfl.p.32685,WR,11,85.00,406.l.161660
406.p.32174,32174,Matthew Wright,Jacksonville Jaguars,nfl.p.32174,K,7,85.00,406.l.161660
406.p.32682,32682,Henry Ruggs III,Las Vegas Raiders,nfl.p.32682,WR,8,84.50,406.l.161660
406.p.24822,24822,Andy Dalton,New Orleans Saints,nfl.p.24822,QB,6,84.20,406.l.161660
406.p.33477,33477,Nico Collins,Houston Texans,nfl.p.33477,WR,10,83.60,406.l.161660
406.p.30227,30227,Samaje Perine,Cincinnati Bengals,nfl.p.30227,RB,10,83.20,406.l.161660
406.p.32762,32762,Devin Duvernay,Baltimore Ravens,nfl.p.32762,WR,8,83.20,406.l.161660
406.p.32993,32993,Tyler Huntley,Baltimore Ravens,nfl.p.32993,QB,8,82.64,406.l.161660
406.p.29257,29257,Laquon Treadwell,Jacksonville Jaguars,nfl.p.29257,WR,7,82.40,406.l.161660
406.p.33408,33408,Kadarius Toney,New York Giants,nfl.p.33408,WR,10,82.36,406.l.161660
406.p.32887,32887,Jauan Jennings,San Francisco 49ers,nfl.p.32887,WR,6,82.20,406.l.161660
406.p.24967,24967,Tyrod Taylor,New York Giants,nfl.p.24967,QB,10,81.74,406.l.161660
406.p.28474,28474,David Johnson,Houston Texans,nfl.p.28474,RB,10,81.30,406.l.161660
406.p.30230,30230,Josh Reynolds,Detroit Lions,nfl.p.30230,WR,9,80.60,406.l.161660
406.p.24793,24793,Julio Jones,Tennessee Titans,nfl.p.24793,WR,13,80.40,406.l.161660
406.p.30112,30112,Mo Alie-Cox,Indianapolis Colts,nfl.p.30112,TE,14,79.60,406.l.161660
406.p.29070,29070,Adam Humphries,Washington Commanders,nfl.p.29070,WR,9,79.30,406.l.161660
406.p.27299,27299,Jack Doyle,Indianapolis Colts,nfl.p.27299,TE,14,79.20,406.l.161660
406.p.31008,31008,Ronald Jones II,Kansas City Chiefs,nfl.p.31008,RB,12,79.20,406.l.161660
406.p.30571,30571,Anthony Firkser,Atlanta Falcons,nfl.p.30571,TE,6,79.10,406.l.161660
406.p.30396,30396,Keelan Cole Sr.,Las Vegas Raiders,nfl.p.30396,WR,8,78.90,406.l.161660
406.p.33605,33605,Khalil Herbert,Chicago Bears,nfl.p.33605,RB,10,78.90,406.l.161660
406.p.28267,28267,Cameron Brate,Tampa Bay Buccaneers,nfl.p.28267,TE,9,78.50,406.l.161660
406.p.32691,32691,Jalen Reagor,Philadelphia Eagles,nfl.p.32691,WR,14,78.10,406.l.161660
406.p.29274,29274,Sterling Shepard,New York Giants,nfl.p.29274,WR,10,77.70,406.l.161660
406.p.30278,30278,Jamal Agnew,Jacksonville Jaguars,nfl.p.30278,WR,7,76.00,406.l.161660
406.p.32788,32788,Albert Okwuegbunam,Denver Broncos,nfl.p.32788,TE,11,76.00,406.l.161660
406.p.8826,8826,DeSean Jackson,Las Vegas Raiders,nfl.p.8826,WR,8,75.80,406.l.161660
406.p.30891,30891,Dan Arnold,Jacksonville Jaguars,nfl.p.30891,TE,7,75.80,406.l.161660
406.p.25802,25802,T.Y. Hilton,Indianapolis Colts,nfl.p.25802,WR,14,74.10,406.l.161660
406.p.26753,26753,Kyle Juszczyk,San Francisco 49ers,nfl.p.26753,RB,6,73.80,406.l.161660
406.p.30275,30275,Jeremy McNichols,Atlanta Falcons,nfl.p.30275,RB,6,73.60,406.l.161660
406.p.31457,31457,Dontrell Hilliard,Tennessee Titans,nfl.p.31457,RB,13,72.70,406.l.161660
406.p.29325,29325,Jacoby Brissett,Cleveland Browns,nfl.p.29325,QB,13,72.32,406.l.161660
406.p.32831,32831,Tyler Johnson,Tampa Bay Buccaneers,nfl.p.32831,WR,9,72.00,406.l.161660
406.p.30996,30996,Calvin Ridley,Atlanta Falcons,nfl.p.30996,WR,6,71.10,406.l.161660
406.p.27532,27532,Sammy Watkins,Green Bay Packers,nfl.p.27532,WR,13,70.40,406.l.161660
406.p.28634,28634,Geoff Swaim,Tennessee Titans,nfl.p.28634,TE,13,70.00,406.l.161660
406.p.31093,31093,Durham Smythe,Miami Dolphins,nfl.p.31093,TE,14,70.00,406.l.161660
406.p.29360,29360,Demarcus Robinson,Las Vegas Raiders,nfl.p.29360,WR,8,69.40,406.l.161660
406.p.30494,30494,Ricky Seals-Jones,New York Giants,nfl.p.30494,TE,10,69.10,406.l.161660
406.p.29405,29405,Alex Collins,Seattle Seahawks,nfl.p.29405,RB,9,68.80,406.l.161660
406.p.9037,9037,Danny Amendola,Houston Texans,nfl.p.9037,WR,10,68.80,406.l.161660
406.p.32003,32003,Darius Slayton,New York Giants,nfl.p.32003,WR,10,68.60,406.l.161660
406.p.30213,30213,Jonnu Smith,New England Patriots,nfl.p.30213,TE,14,67.40,406.l.161660
406.p.31157,31157,Ray-Ray McCloud III,San Francisco 49ers,nfl.p.31157,WR,6,66.20,406.l.161660
406.p.31030,31030,James Washington,Dallas Cowboys,nfl.p.31030,WR,7,65.80,406.l.161660
406.p.26824,26824,Ryan Griffin,Chicago Bears,nfl.p.26824,TE,10,65.10,406.l.161660
406.p.29609,29609,Chester Rogers,Tennessee Titans,nfl.p.29609,WR,13,65.00,406.l.161660
406.p.29792,29792,Ka'imi Fairbairn,Houston Texans,nfl.p.29792,K,10,65.00,406.l.161660
406.p.33391,33391,Trey Lance,San Francisco 49ers,nfl.p.33391,QB,6,64.92,406.l.161660
406.p.28730,28730,Damiere Byrd,Atlanta Falcons,nfl.p.28730,WR,6,64.90,406.l.161660
406.p.28464,28464,Chris Conley,Houston Texans,nfl.p.28464,WR,10,64.60,406.l.161660
406.p.30995,30995,Hayden Hurst,Cincinnati Bengals,nfl.p.30995,TE,10,64.10,406.l.161660
406.p.32775,32775,Adam Trautman,New Orleans Saints,nfl.p.32775,TE,6,63.30,406.l.161660
406.p.29384,29384,Jordan Howard,Philadelphia Eagles,nfl.p.29384,RB,14,62.50,406.l.161660
406.p.32785,32785,Harrison Bryant,Cleveland Browns,nfl.p.32785,TE,13,62.30,406.l.161660
406.p.32036,32036,Travis Homer,Seattle Seahawks,nfl.p.32036,RB,9,61.80,406.l.161660
406.p.32764,32764,Josiah Deguara,Green Bay Packers,nfl.p.32764,TE,13,61.50,406.l.161660
406.p.28115,28115,Damien Williams,Atlanta Falcons,nfl.p.28115,RB,6,60.70,406.l.161660
406.p.30231,30231,Mack Hollins,Las Vegas Raiders,nfl.p.30231,WR,8,60.30,406.l.161660
406.p.32814,32814,DeeJay Dallas,Seattle Seahawks,nfl.p.32814,RB,9,60.10,406.l.161660
406.p.24830,24830,Kyle Rudolph,New York Giants,nfl.p.24830,TE,10,59.70,406.l.161660
406.p.28465,28465,Duke Johnson,Buffalo Bills,nfl.p.28465,RB,7,59.10,406.l.161660
406.p.26660,26660,Giovani Bernard,Tampa Bay Buccaneers,nfl.p.26660,RB,9,59.10,406.l.161660
406.p.27369,27369,Brett Maher,New Orleans Saints,nfl.p.27369,K,6,59.00,406.l.161660
406.p.33781,33781,Riley Patterson,Detroit Lions,nfl.p.33781,K,9,59.00,406.l.161660
406.p.32456,32456,Donald Parham Jr.,Los Angeles Chargers,nfl.p.32456,TE,7,59.00,406.l.161660
406.p.32317,32317,Antoine Wesley,Arizona Cardinals,nfl.p.32317,WR,12,57.80,406.l.161660
406.p.29406,29406,Rashard Higgins,Carolina Panthers,nfl.p.29406,WR,13,57.50,406.l.161660
406.p.26701,26701,Marquise Goodwin,Seattle Seahawks,nfl.p.26701,WR,9,57.20,406.l.161660
406.p.32630,32630,Derrick Gore,Kansas City Chiefs,nfl.p.32630,RB,12,56.10,406.l.161660
406.p.33706,33706,Jaret Patterson,Washington Commanders,nfl.p.33706,RB,9,55.90,406.l.161660
406.p.33535,33535,Brevin Jordan,Houston Texans,nfl.p.33535,TE,10,55.80,406.l.161660
406.p.29341,29341,Chris Moore,Houston Texans,nfl.p.29341,WR,10,55.70,406.l.161660
406.p.26662,26662,Geno Smith,Seattle Seahawks,nfl.p.26662,QB,9,54.28,406.l.161660
406.p.33381,33381,Matt Ammendola,New York Jets,nfl.p.33381,K,6,54.00,406.l.161660
406.p.27648,27648,Logan Thomas,Washington Commanders,nfl.p.27648,TE,9,53.60,406.l.161660
406.p.33471,33471,Tommy Tremble,Carolina Panthers,nfl.p.33471,TE,13,53.10,406.l.161660
406.p.33113,33113,Juwan Johnson,New Orleans Saints,nfl.p.33113,"WR,TE",6,52.90,406.l.161660
406.p.30285,30285,Isaiah McKenzie,Buffalo Bills,nfl.p.30285,WR,7,52.50,406.l.161660
406.p.31874,31874,Drew Lock,Seattle Seahawks,nfl.p.31874,QB,9,51.88,406.l.161660
406.p.31394,31394,Jeff Wilson Jr.,San Francisco 49ers,nfl.p.31394,RB,6,51.50,406.l.161660
406.p.28461,28461,Tevin Coleman,New York Jets,nfl.p.28461,RB,6,51.50,406.l.161660
406.p.26631,26631,Tavon Austin,Buffalo Bills,nfl.p.26631,WR,7,51.40,406.l.161660
406.p.33512,33512,John Bates,Washington Commanders,nfl.p.33512,TE,9,50.90,406.l.161660
406.p.24070,24070,Jimmy Graham,Chicago Bears,nfl.p.24070,TE,10,50.70,406.l.161660
406.p.33599,33599,Demetric Felton,Cleveland Browns,nfl.p.33599,"WR,RB",13,50.50,406.l.161660
406.p.28561,28561,James O'Shaughnessy,Chicago Bears,nfl.p.28561,TE,10,50.40,406.l.161660
406.p.30777,30777,Robert Tonyan,Green Bay Packers,nfl.p.30777,TE,13,50.40,406.l.161660
406.p.31090,31090,Will Dissly,Seattle Seahawks,nfl.p.31090,TE,9,50.10,406.l.161660
406.p.30860,30860,Dare Ogunbowale,Houston Texans,nfl.p.30860,RB,10,50.10,406.l.161660
406.p.29560,29560,Peyton Barber,Las Vegas Raiders,nfl.p.29560,RB,8,49.90,406.l.161660
406.p.32494,32494,Lil'Jordan Humphrey,New England Patriots,nfl.p.32494,WR,14,49.90,406.l.161660
406.p.33590,33590,Chris Evans,Cincinnati Bengals,nfl.p.33590,RB,10,49.80,406.l.161660
406.p.33199,33199,JaMycal Hasty,San Francisco 49ers,nfl.p.33199,RB,6,49.50,406.l.161660
406.p.32836,32836,Quintez Cephus,Detroit Lions,nfl.p.32836,WR,9,49.40,406.l.161660
406.p.30959,30959,Brandon Zylstra,Carolina Panthers,nfl.p.30959,WR,13,49.00,406.l.161660
406.p.31405,31405,Cam Sims,Washington Commanders,nfl.p.31405,WR,9,48.80,406.l.161660
406.p.28531,28531,MyCole Pruitt,Tennessee Titans,nfl.p.28531,TE,13,48.50,406.l.161660
406.p.30362,30362,Chris Carson,Seattle Seahawks,nfl.p.30362,RB,9,48.10,406.l.161660
406.p.29374,29374,Tajae Sharpe,Chicago Bears,nfl.p.29374,WR,10,48.00,406.l.161660
406.p.28046,28046,Albert Wilson,Minnesota Vikings,nfl.p.28046,WR,7,48.00,406.l.161660
406.p.8937,8937,Josh Johnson,Denver Broncos,nfl.p.8937,QB,11,46.32,406.l.161660
406.p.27585,27585,Carlos Hyde,Jacksonville Jaguars,nfl.p.27585,RB,7,45.80,406.l.161660
406.p.32292,32292,Ashton Dulin,Indianapolis Colts,nfl.p.32292,WR,14,45.50,406.l.161660
406.p.31379,31379,Phillip Lindsay,Indianapolis Colts,nfl.p.31379,RB,14,45.40,406.l.161660
406.p.31777,31777,Malik Turner,San Francisco 49ers,nfl.p.31777,WR,6,44.90,406.l.161660
406.p.30111,30111,Cyril Grayson,Tampa Bay Buccaneers,nfl.p.30111,WR,9,44.60,406.l.161660
406.p.7777,7777,Marcedes Lewis,Green Bay Packers,nfl.p.7777,TE,13,44.40,406.l.161660
406.p.31141,31141,Mike White,New York Jets,nfl.p.31141,QB,6,44.02,406.l.161660
406.p.33211,33211,Rodrigo Blankenship,Indianapolis Colts,nfl.p.33211,K,14,43.00,406.l.161660
406.p.30552,30552,Matt Breida,New York Giants,nfl.p.30552,RB,10,42.70,406.l.161660
406.p.32002,32002,Austin Seibert,Detroit Lions,nfl.p.32002,K,9,42.00,406.l.161660
406.p.33006,33006,Ty'Son Williams,Indianapolis Colts,nfl.p.33006,RB,14,41.90,406.l.161660
406.p.31068,31068,Jordan Akins,New York Giants,nfl.p.31068,TE,10,41.70,406.l.161660
406.p.24060,24060,Colt McCoy,Arizona Cardinals,nfl.p.24060,QB,12,41.30,406.l.161660
406.p.28443,28443,Maxx Williams,Arizona Cardinals,nfl.p.28443,TE,12,41.30,406.l.161660
406.p.30122,30122,John Ross III,New York Giants,nfl.p.30122,WR,10,41.00,406.l.161660
406.p.30350,30350,Isaiah Ford,Miami Dolphins,nfl.p.30350,WR,14,40.10,406.l.161660
406.p.29420,29420,Jakeem Grant Sr.,Cleveland Browns,nfl.p.29420,WR,13,39.50,406.l.161660
406.p.28473,28473,Tyler Kroft,San Francisco 49ers,nfl.p.28473,TE,6,39.30,406.l.161660
406.p.33265,33265,Salvon Ahmed,Miami Dolphins,nfl.p.33265,RB,14,38.60,406.l.161660
406.p.32929,32929,Kendall Hinton,Denver Broncos,nfl.p.32929,WR,11,38.54,406.l.161660
406.p.29789,29789,Stephen Anderson,Arizona Cardinals,nfl.p.29789,TE,12,38.50,406.l.161660
406.p.26671,26671,Le'Veon Bell,Tampa Bay Buccaneers,nfl.p.26671,RB,9,38.10,406.l.161660
406.p.30627,30627,Pharaoh Brown,Houston Texans,nfl.p.30627,TE,10,38.10,406.l.161660
406.p.31482,31482,Eddy Pineiro,New York Jets,nfl.p.31482,K,6,38.00,406.l.161660
406.p.33906,33906,Brian Johnson,Washington Commanders,nfl.p.33906,K,9,38.00,406.l.161660
406.p.31071,31071,Ian Thomas,Carolina Panthers,nfl.p.31071,TE,13,36.80,406.l.161660
406.p.32746,32746,Ke'Shawn Vaughn,Tampa Bay Buccaneers,nfl.p.32746,RB,9,36.60,406.l.161660
406.p.32871,32871,James Proche II,Baltimore Ravens,nfl.p.32871,WR,8,36.20,406.l.161660
406.p.27624,27624,Jerick McKinnon,Kansas City Chiefs,nfl.p.27624,RB,12,35.90,406.l.161660
406.p.29906,29906,Eli Penny,New York Giants,nfl.p.29906,RB,10,35.90,406.l.161660
406.p.33774,33774,Brock Wright,Detroit Lions,nfl.p.33774,TE,9,35.70,406.l.161660
406.p.31973,31973,Zach Gentry,Pittsburgh Steelers,nfl.p.31973,TE,7,35.70,406.l.161660
406.p.32596,32596,Craig Reynolds,Detroit Lions,nfl.p.32596,RB,9,35.20,406.l.161660
406.p.30175,30175,JuJu Smith-Schuster,Kansas City Chiefs,nfl.p.30175,WR,12,34.80,406.l.161660
406.p.31041,31041,Royce Freeman,Houston Texans,nfl.p.31041,RB,10,34.60,406.l.161660
406.p.30715,30715,Greg Ward,Philadelphia Eagles,nfl.p.30715,WR,14,34.58,406.l.161660
406.p.30352,30352,Noah Brown,Dallas Cowboys,nfl.p.30352,WR,7,34.40,406.l.161660
406.p.31031,31031,DJ Chark Jr.,Detroit Lions,nfl.p.31031,WR,9,34.40,406.l.161660
406.p.32010,32010,Gardner Minshew II,Philadelphia Eagles,nfl.p.32010,QB,14,33.66,406.l.161660
406.p.30132,30132,O.J. Howard,Buffalo Bills,nfl.p.30132,TE,7,33.50,406.l.161660
406.p.28414,28414,Breshad Perriman,Tampa Bay Buccaneers,nfl.p.28414,WR,9,33.40,406.l.161660
406.p.33479,33479,Anthony Schwartz,Cleveland Browns,nfl.p.33479,WR,13,33.40,406.l.161660
406.p.29951,29951,C.J. Ham,Minnesota Vikings,nfl.p.29951,RB,7,32.90,406.l.161660
406.p.33447,33447,Terrace Marshall Jr.,Carolina Panthers,nfl.p.33447,WR,13,32.80,406.l.161660
406.p.25793,25793,Mohamed Sanu Sr.,San Francisco 49ers,nfl.p.25793,WR,6,32.70,406.l.161660
406.p.30784,30784,Blake Jarwin,Dallas Cowboys,nfl.p.30784,TE,7,32.60,406.l.161660
406.p.27538,27538,Eric Ebron,Pittsburgh Steelers,nfl.p.27538,TE,7,32.50,406.l.161660
406.p.31891,31891,Parris Campbell,Indianapolis Colts,nfl.p.31891,WR,14,32.20,406.l.161660
406.p.27658,27658,James White,New England Patriots,nfl.p.27658,RB,14,31.20,406.l.161660
406.p.26696,26696,Mike Glennon,New York Giants,nfl.p.26696,QB,10,30.90,406.l.161660
406.p.31769,31769,KhaDarel Hodge,Atlanta Falcons,nfl.p.31769,WR,6,30.70,406.l.161660
406.p.28482,28482,Ty Montgomery,New England Patriots,nfl.p.28482,"WR,RB",14,29.90,406.l.161660
406.p.30707,30707,Corey Clement,Dallas Cowboys,nfl.p.30707,RB,7,28.90,406.l.161660
406.p.26483,26483,Case Keenum,Buffalo Bills,nfl.p.26483,QB,7,28.68,406.l.161660
406.p.33545,33545,Ihmir Smith-Marsette,Minnesota Vikings,nfl.p.33545,WR,7,28.60,406.l.161660
406.p.31864,31864,N'Keal Harry,New England Patriots,nfl.p.31864,WR,14,28.40,406.l.161660
406.p.33444,33444,Dee Eskridge,Seattle Seahawks,nfl.p.33444,WR,9,28.30,406.l.161660
406.p.33476,33476,Trey Sermon,San Francisco 49ers,nfl.p.33476,RB,6,28.30,406.l.161660
406.p.29328,29328,Nick Vannett,New Orleans Saints,nfl.p.29328,TE,6,28.30,406.l.161660
406.p.33470,33470,Dyami Brown,Washington Commanders,nfl.p.33470,WR,9,28.10,406.l.161660
406.p.32892,32892,Eno Benjamin,Arizona Cardinals,nfl.p.32892,RB,12,28.00,406.l.161660
406.p.31258,31258,Godwin Igwebuike,Detroit Lions,nfl.p.31258,RB,9,26.80,406.l.161660
406.p.8261,8261,Adrian Peterson,Seattle Seahawks,nfl.p.8261,RB,9,26.60,406.l.161660
406.p.33644,33644,Jermar Jefferson,Detroit Lions,nfl.p.33644,RB,9,25.70,406.l.161660
406.p.31014,31014,Dante Pettis,Chicago Bears,nfl.p.31014,WR,10,25.34,406.l.161660
406.p.29678,29678,Marcus Johnson,San Francisco 49ers,nfl.p.29678,WR,6,24.80,406.l.161660
406.p.32344,32344,Alec Ingold,Miami Dolphins,nfl.p.32344,RB,14,24.60,406.l.161660
406.p.31431,31431,Tim Boyle,Detroit Lions,nfl.p.31431,QB,9,24.34,406.l.161660
406.p.33637,33637,Ben Skowronek,Los Angeles Rams,nfl.p.33637,WR,11,24.30,406.l.161660
406.p.30788,30788,Cooper Rush,Dallas Cowboys,nfl.p.30788,QB,7,24.08,406.l.161660
406.p.31808,31808,Tristan Vizcaino,New England Patriots,nfl.p.31808,K,14,24.00,406.l.161660
406.p.8795,8795,Joe Flacco,New York Jets,nfl.p.8795,QB,6,23.82,406.l.161660
406.p.31320,31320,Trent Sherfield,Miami Dolphins,nfl.p.31320,WR,14,23.70,406.l.161660
406.p.30000,30000,Jalen Richard,Las Vegas Raiders,nfl.p.30000,RB,8,23.20,406.l.161660
406.p.33507,33507,Kene Nwangwu,Minnesota Vikings,nfl.p.33507,RB,7,23.00,406.l.161660
406.p.30158,30158,Adam Shaheen,Miami Dolphins,nfl.p.30158,TE,14,23.00,406.l.161660
406.p.28990,28990,Malcolm Brown,Miami Dolphins,nfl.p.28990,RB,14,22.50,406.l.161660
406.p.33114,33114,Tony Jones Jr.,New Orleans Saints,nfl.p.33114,RB,6,22.10,406.l.161660
406.p.32600,32600,Jody Fortson,Kansas City Chiefs,nfl.p.32600,"WR,TE",12,21.70,406.l.161660
406.p.33515,33515,Kylen Granson,Indianapolis Colts,nfl.p.33515,TE,14,21.60,406.l.161660
406.p.32835,32835,Collin Johnson,New York Giants,nfl.p.32835,WR,10,21.50,406.l.161660
406.p.24946,24946,Lee Smith,Atlanta Falcons,nfl.p.24946,TE,6,21.50,406.l.161660
406.p.32729,32729,Denzel Mims,New York Jets,nfl.p.32729,WR,6,21.30,406.l.161660
406.p.32696,32696,Jordan Love,Green Bay Packers,nfl.p.32696,QB,13,21.14,406.l.161660
406.p.29949,29949,Aldrick Rosas,Detroit Lions,nfl.p.29949,K,9,21.00,406.l.161660
406.p.30592,30592,Patrick Ricard,Baltimore Ravens,nfl.p.30592,RB,8,20.70,406.l.161660
406.p.29390,29390,Jonathan Williams,Washington Commanders,nfl.p.29390,RB,9,20.70,406.l.161660
406.p.30661,30661,Jacob Hollister,Las Vegas Raiders,nfl.p.30661,TE,8,20.50,406.l.161660
406.p.32189,32189,Trinity Benson,Detroit Lions,nfl.p.32189,WR,9,20.30,406.l.161660
406.p.31177,31177,Equanimeous St. Brown,Chicago Bears,nfl.p.31177,WR,10,20.20,406.l.161660
406.p.33349,33349,Kristian Wilkerson,New England Patriots,nfl.p.33349,WR,14,20.20,406.l.161660
406.p.32668,32668,Lirim Hajrullahu,Carolina Panthers,nfl.p.32668,K,13,20.00,406.l.161660
406.p.31984,31984,Qadree Ollison,Atlanta Falcons,nfl.p.31984,RB,6,19.70,406.l.161660
406.p.32060,32060,Tommy Sweeney,Buffalo Bills,nfl.p.32060,TE,7,19.40,406.l.161660
406.p.32533,32533,Jeff Smith,New York Jets,nfl.p.32533,WR,6,19.20,406.l.161660
406.p.28548,28548,Jesse James,Chicago Bears,nfl.p.28548,TE,10,19.20,406.l.161660
406.p.28365,28365,Chris Manhertz,Jacksonville Jaguars,nfl.p.28365,TE,7,19.10,406.l.161660
406.p.32040,32040,Scotty Miller,Tampa Bay Buccaneers,nfl.p.32040,WR,9,19.10,406.l.161660
406.p.31884,31884,Drew Sample,Cincinnati Bengals,nfl.p.31884,TE,10,19.10,406.l.161660
406.p.32383,32383,Austin Walter,New York Jets,nfl.p.32383,RB,6,19.00,406.l.161660
406.p.26767,26767,Kenny Stills,New Orleans Saints,nfl.p.26767,WR,6,18.90,406.l.161660
406.p.30287,30287,Eric Saubert,Denver Broncos,nfl.p.30287,TE,11,18.70,406.l.161660
406.p.28505,28505,Blake Bell,Kansas City Chiefs,nfl.p.28505,TE,12,18.70,406.l.161660
406.p.33028,33028,J.J. Taylor,New England Patriots,nfl.p.33028,RB,14,18.50,406.l.161660
406.p.32561,32561,Tom Kennedy,Detroit Lions,nfl.p.32561,WR,9,18.40,406.l.161660
406.p.31046,31046,Mason Rudolph,Pittsburgh Steelers,nfl.p.31046,QB,7,18.38,406.l.161660
406.p.28417,28417,Phillip Dorsett II,Houston Texans,nfl.p.28417,WR,10,18.00,406.l.161660
406.p.28141,28141,Keith Smith,Atlanta Falcons,nfl.p.28141,RB,6,17.70,406.l.161660
406.p.33235,33235,Patrick Taylor,Green Bay Packers,nfl.p.33235,RB,13,17.20,406.l.161660
406.p.32782,32782,Joshua Kelley,Los Angeles Chargers,nfl.p.32782,RB,7,17.00,406.l.161660
406.p.25798,25798,Nick Foles,Indianapolis Colts,nfl.p.25798,QB,14,16.80,406.l.161660
406.p.30223,30223,Dede Westbrook,Minnesota Vikings,nfl.p.30223,WR,7,16.80,406.l.161660
406.p.33550,33550,Noah Gray,Kansas City Chiefs,nfl.p.33550,TE,12,16.60,406.l.161660
406.p.32576,32576,Jesper Horsted,Las Vegas Raiders,nfl.p.32576,TE,8,16.10,406.l.161660
406.p.33592,33592,Shi Smith,Carolina Panthers,nfl.p.33592,WR,13,16.10,406.l.161660
406.p.31643,31643,Ryan Santoso,Jacksonville Jaguars,nfl.p.31643,K,7,16.00,406.l.161660
406.p.33497,33497,Dez Fitzpatrick,Tennessee Titans,nfl.p.33497,WR,13,15.90,406.l.161660
406.p.30468,30468,Antony Auclair,Houston Texans,nfl.p.30468,TE,10,15.70,406.l.161660
406.p.33586,33586,Larry Rountree III,Los Angeles Chargers,nfl.p.33586,RB,7,15.60,406.l.161660
406.p.31901,31901,Josh Oliver,Baltimore Ravens,nfl.p.31901,TE,8,15.60,406.l.161660
406.p.33645,33645,Dax Milne,Washington Commanders,nfl.p.33645,WR,9,15.40,406.l.161660
406.p.31329,31329,Ross Dwelley,San Francisco 49ers,nfl.p.31329,TE,6,15.10,406.l.161660
406.p.31831,31831,Elliott Fry,Cincinnati Bengals,nfl.p.31831,K,10,15.00,406.l.161660
406.p.28390,28390,Marcus Mariota,Atlanta Falcons,nfl.p.28390,QB,6,14.86,406.l.161660
406.p.28556,28556,Michael Burton,Kansas City Chiefs,nfl.p.28556,RB,12,14.70,406.l.161660
406.p.31021,31021,Anthony Miller,Pittsburgh Steelers,nfl.p.31021,WR,7,14.50,406.l.161660
406.p.26561,26561,Josh Gordon,Kansas City Chiefs,nfl.p.26561,WR,12,14.20,406.l.161660
406.p.25178,25178,Chris Hogan,New Orleans Saints,nfl.p.25178,WR,6,14.10,406.l.161660
406.p.31077,31077,Chris Herndon,Minnesota Vikings,nfl.p.31077,TE,7,14.00,406.l.161660
406.p.31480,31480,Jason Cabinda,Detroit Lions,nfl.p.31480,RB,9,13.90,406.l.161660
406.p.29435,29435,Brandon Allen,Cincinnati Bengals,nfl.p.29435,QB,10,13.86,406.l.161660
406.p.32447,32447,Preston Williams,Miami Dolphins,nfl.p.32447,WR,14,13.80,406.l.161660
406.p.30538,30538,P.J. Walker,Carolina Panthers,nfl.p.30538,QB,13,13.78,406.l.161660
406.p.30253,30253,Wayne Gallman Jr.,Minnesota Vikings,nfl.p.30253,RB,7,13.50,406.l.161660
406.p.31954,31954,Benny Snell Jr.,Pittsburgh Steelers,nfl.p.31954,RB,7,13.10,406.l.161660
406.p.33352,33352,Dominik Eberle,Green Bay Packers,nfl.p.33352,K,13,13.00,406.l.161660
406.p.28477,28477,Sean Mannion,Minnesota Vikings,nfl.p.28477,QB,7,12.96,406.l.161660
406.p.31223,31223,Auden Tate,Atlanta Falcons,nfl.p.31223,WR,6,12.90,406.l.161660
406.p.30256,30256,Marlon Mack,Houston Texans,nfl.p.30256,RB,10,12.90,406.l.161660
406.p.32293,32293,Penny Hart,Seattle Seahawks,nfl.p.32293,WR,9,12.90,406.l.161660
406.p.33101,33101,Sean McKeon,Dallas Cowboys,nfl.p.33101,TE,7,12.70,406.l.161660
406.p.31972,31972,Ryquell Armstead,Jacksonville Jaguars,nfl.p.31972,RB,7,12.60,406.l.161660
406.p.33533,33533,Luke Farrell,Jacksonville Jaguars,nfl.p.33533,TE,7,12.60,406.l.161660
406.p.32716,32716,KJ Hamler,Denver Broncos,nfl.p.32716,WR,11,12.40,406.l.161660
406.p.9547,9547,Brian Hoyer,New England Patriots,nfl.p.9547,QB,14,12.28,406.l.161660
406.p.29410,29410,Andy Janovich,Houston Texans,nfl.p.29410,RB,10,11.90,406.l.161660
406.p.32019,32019,Juwann Winfree,Green Bay Packers,nfl.p.32019,WR,13,11.80,406.l.161660
406.p.33517,33517,Jaelon Darden,Tampa Bay Buccaneers,nfl.p.33517,WR,9,11.40,406.l.161660
406.p.32415,32415,Tyree Jackson,Philadelphia Eagles,nfl.p.32415,TE,14,11.20,406.l.161660
406.p.31623,31623,Cameron Batson,Atlanta Falcons,nfl.p.31623,WR,6,11.00,406.l.161660
406.p.31819,31819,Chris Blewitt,Cleveland Browns,nfl.p.31819,K,13,11.00,406.l.161660
406.p.32837,32837,Jake Fromm,New York Giants,nfl.p.32837,QB,10,10.90,406.l.161660
406.p.32442,32442,Chris Myarick,New York Giants,nfl.p.32442,TE,10,10.70,406.l.161660
406.p.33485,33485,Tre' McKitty,Los Angeles Chargers,nfl.p.33485,TE,7,10.50,406.l.161660
406.p.33302,33302,Ja'Marcus Bradley,Cleveland Browns,nfl.p.33302,WR,13,10.40,406.l.161660
406.p.29440,29440,Mike Thomas,Cincinnati Bengals,nfl.p.29440,WR,10,10.20,406.l.161660
406.p.32860,32860,Charlie Woerner,San Francisco 49ers,nfl.p.32860,TE,6,10.20,406.l.161660
406.p.32882,32882,Dezmon Patmon,Indianapolis Colts,nfl.p.32882,WR,14,10.10,406.l.161660
406.p.30563,30563,Nick Mullens,Las Vegas Raiders,nfl.p.30563,QB,8,9.88,406.l.161660
406.p.30153,30153,Curtis Samuel,Washington Commanders,nfl.p.30153,WR,9,9.80,406.l.161660
406.p.33153,33153,Rodney Smith,Detroit Lions,nfl.p.33153,RB,9,9.80,406.l.161660
406.p.30513,30513,C.J. Board,New York Giants,nfl.p.30513,WR,10,9.70,406.l.161660
406.p.33088,33088,Jonathan Ward,Arizona Cardinals,nfl.p.33088,RB,12,9.70,406.l.161660
406.p.33473,33473,Amari Rodgers,Green Bay Packers,nfl.p.33473,WR,13,9.60,406.l.161660
406.p.32588,32588,Parker Hesse,Atlanta Falcons,nfl.p.32588,TE,6,9.30,406.l.161660
406.p.31510,31510,Johnny Stanton IV,Cleveland Browns,nfl.p.31510,RB,13,9.20,406.l.161660
406.p.30305,30305,Alex Armah,Washington Commanders,nfl.p.30305,RB,9,9.20,406.l.161660
406.p.33798,33798,Deon Jackson,Indianapolis Colts,nfl.p.33798,RB,14,9.10,406.l.161660
406.p.33707,33707,JaQuan Hardy,Dallas Cowboys,nfl.p.33707,RB,7,8.90,406.l.161660
406.p.29387,29387,Wendell Smallwood,Washington Commanders,nfl.p.29387,RB,9,8.70,406.l.161660
406.p.29255,29255,Will Fuller V,Miami Dolphins,nfl.p.29255,WR,14,8.60,406.l.161660
406.p.32547,32547,Jason Moore Jr.,Los Angeles Chargers,nfl.p.32547,WR,7,8.60,406.l.161660
406.p.29703,29703,Alex Erickson,Washington Commanders,nfl.p.29703,WR,9,8.50,406.l.161660
406.p.24063,24063,Andre Roberts,Carolina Panthers,nfl.p.24063,WR,13,8.40,406.l.161660
406.p.32948,32948,Cody White,Pittsburgh Steelers,nfl.p.32948,WR,7,8.30,406.l.161660
406.p.26612,26612,Darren Fells,Tampa Bay Buccaneers,nfl.p.26612,TE,9,8.30,406.l.161660
406.p.31826,31826,Jakob Johnson,Las Vegas Raiders,nfl.p.31826,RB,8,8.30,406.l.161660
406.p.32803,32803,Colby Parkinson,Seattle Seahawks,nfl.p.32803,TE,9,8.30,406.l.161660
406.p.30115,30115,Mitch Trubisky,Pittsburgh Steelers,nfl.p.30115,QB,7,8.12,406.l.161660
406.p.30024,30024,Garrett Griffin,Detroit Lions,nfl.p.30024,TE,9,7.90,406.l.161660
406.p.31301,31301,Kyle Allen,Houston Texans,nfl.p.31301,QB,10,7.90,406.l.161660
406.p.28026,28026,Willie Snead IV,Carolina Panthers,nfl.p.28026,WR,13,7.80,406.l.161660
406.p.27742,27742,Garrett Gilbert,Las Vegas Raiders,nfl.p.27742,QB,8,7.76,406.l.161660
406.p.31228,31228,Mike Boone,Denver Broncos,nfl.p.31228,RB,11,7.70,406.l.161660
406.p.32125,32125,Kendall Blanton,Los Angeles Rams,nfl.p.32125,TE,11,7.70,406.l.161660
406.p.29351,29351,Pharoh Cooper,New York Giants,nfl.p.29351,WR,10,7.60,406.l.161660
406.p.32876,32876,Tyler Davis,Green Bay Packers,nfl.p.32876,TE,13,7.50,406.l.161660
406.p.30660,30660,Cody Hollister,Tennessee Titans,nfl.p.30660,WR,13,7.30,406.l.161660
406.p.32523,32523,Greg Dortch,Arizona Cardinals,nfl.p.32523,WR,12,6.90,406.l.161660
406.p.32283,32283,D.J. Montgomery,New York Jets,nfl.p.32283,WR,6,6.60,406.l.161660
406.p.31953,31953,Trevon Wesco,New York Jets,nfl.p.31953,TE,6,6.50,406.l.161660
406.p.31347,31347,Christian Blake,Arizona Cardinals,nfl.p.31347,WR,12,6.50,406.l.161660
406.p.32014,32014,Trayveon Williams,Cincinnati Bengals,nfl.p.32014,RB,10,6.50,406.l.161660
406.p.31096,31096,Ito Smith,Dallas Cowboys,nfl.p.31096,RB,7,6.40,406.l.161660
406.p.33803,33803,Shane Zylstra,Detroit Lions,nfl.p.33803,TE,9,6.40,406.l.161660
406.p.31100,31100,Kalen Ballage,Pittsburgh Steelers,nfl.p.31100,RB,7,6.40,406.l.161660
406.p.32008,32008,Kaden Smith,New York Giants,nfl.p.32008,TE,10,6.30,406.l.161660
406.p.33891,33891,Jack Stoll,Philadelphia Eagles,nfl.p.33891,TE,14,6.20,406.l.161660
406.p.33340,33340,Tommy Hudson,Tennessee Titans,nfl.p.33340,TE,13,6.10,406.l.161660
406.p.30267,30267,Jeremy Sprinkle,Dallas Cowboys,nfl.p.30267,TE,7,6.10,406.l.161660
406.p.30290,30290,Trent Taylor,Cincinnati Bengals,nfl.p.30290,WR,10,6.10,406.l.161660
406.p.31641,31641,Brandon Powell,Los Angeles Rams,nfl.p.31641,WR,11,6.00,406.l.161660
406.p.32612,32612,Gunner Olszewski,Pittsburgh Steelers,nfl.p.32612,WR,7,6.00,406.l.161660
406.p.32890,32890,K.J. Hill,Los Angeles Chargers,nfl.p.32890,WR,7,6.00,406.l.161660
406.p.33357,33357,Reggie Gilliam,Buffalo Bills,nfl.p.33357,"RB,TE",7,5.60,406.l.161660
406.p.33705,33705,Kenny Yeboah,New York Jets,nfl.p.33705,TE,6,5.60,406.l.161660
406.p.31889,31889,JJ Arcega-Whiteside,Philadelphia Eagles,nfl.p.31889,WR,14,5.60,406.l.161660
406.p.32987,32987,Gabe Nabers,Los Angeles Chargers,nfl.p.32987,RB,7,5.50,406.l.161660
406.p.33367,33367,Dominique Dafney,Green Bay Packers,nfl.p.33367,TE,13,5.40,406.l.161660
406.p.32438,32438,Trenton Irwin,Cincinnati Bengals,nfl.p.32438,WR,10,5.40,406.l.161660
406.p.31135,31135,Jaylen Samuels,Arizona Cardinals,nfl.p.31135,RB,12,5.30,406.l.161660
406.p.33901,33901,Adam Prentice,New Orleans Saints,nfl.p.33901,RB,6,5.10,406.l.161660
406.p.32842,32842,Jason Huntley,Philadelphia Eagles,nfl.p.32842,RB,14,5.10,406.l.161660
406.p.32439,32439,Patrick Laird,Miami Dolphins,nfl.p.32439,RB,14,5.10,406.l.161660
406.p.29102,29102,Dan Brown,New York Jets,nfl.p.29102,TE,6,4.90,406.l.161660
406.p.29470,29470,Dwayne Washington,New Orleans Saints,nfl.p.29470,RB,6,4.80,406.l.161660
406.p.28974,28974,Jake Kumerow,Buffalo Bills,nfl.p.28974,WR,7,4.80,406.l.161660
406.p.28395,28395,Kevin White,New Orleans Saints,nfl.p.28395,WR,6,4.80,406.l.161660
406.p.31517,31517,Keith Kirkwood,Carolina Panthers,nfl.p.31517,WR,13,4.70,406.l.161660
406.p.33620,33620,Mike Strachan,Indianapolis Colts,nfl.p.33620,WR,14,4.60,406.l.161660
406.p.33171,33171,Mitchell Wilcox,Cincinnati Bengals,nfl.p.33171,TE,10,4.60,406.l.161660
406.p.29432,29432,Derek Watt,Pittsburgh Steelers,nfl.p.29432,RB,7,4.60,406.l.161660
406.p.33607,33607,Seth Williams,Denver Broncos,nfl.p.33607,WR,11,4.40,406.l.161660
406.p.30682,30682,Marcus Kemp,Kansas City Chiefs,nfl.p.30682,WR,12,4.40,406.l.161660
406.p.33519,33519,Tylan Wallace,Baltimore Ravens,nfl.p.33519,WR,8,4.30,406.l.161660
406.p.33609,33609,Dazz Newsome,Chicago Bears,nfl.p.33609,WR,10,4.30,406.l.161660
406.p.32722,32722,Cam Akers,Los Angeles Rams,nfl.p.32722,RB,11,4.30,406.l.161660
406.p.33161,33161,Scottie Phillips,Houston Texans,nfl.p.33161,RB,10,4.20,406.l.161660
406.p.27174,27174,Demetrius Harris,Arizona Cardinals,nfl.p.27174,TE,12,4.00,406.l.161660
406.p.33643,33643,Kylin Hill,Green Bay Packers,nfl.p.33643,RB,13,3.90,406.l.161660
406.p.32763,32763,Darrynton Evans,Chicago Bears,nfl.p.32763,RB,10,3.80,406.l.161660
406.p.32418,32418,David Sills V,New York Giants,nfl.p.32418,WR,10,3.70,406.l.161660
406.p.30577,30577,Cethan Carter,Miami Dolphins,nfl.p.30577,TE,14,3.60,406.l.161660
406.p.32511,32511,Tyron Johnson,Las Vegas Raiders,nfl.p.32511,WR,8,3.60,406.l.161660
406.p.31302,31302,Reggie Bonnafon,Washington Commanders,nfl.p.31302,RB,9,3.60,406.l.161660
406.p.33809,33809,Trey Ragas,Las Vegas Raiders,nfl.p.33809,RB,8,3.50,406.l.161660
406.p.28691,28691,Tyrell Williams,Detroit Lions,nfl.p.28691,WR,9,3.40,406.l.161660
406.p.32469,32469,Stanley Morgan,Cincinnati Bengals,nfl.p.32469,WR,10,3.40,406.l.161660
406.p.26416,26416,Derek Carrier,Las Vegas Raiders,nfl.p.26416,TE,8,3.30,406.l.161660
406.p.8834,8834,Chad Henne,Kansas City Chiefs,nfl.p.8834,QB,12,3.28,406.l.161660
406.p.24891,24891,Luke Stocker,Minnesota Vikings,nfl.p.24891,TE,7,3.20,406.l.161660
406.p.33921,33921,C.J. Saunders,Carolina Panthers,nfl.p.33921,WR,13,3.10,406.l.161660
406.p.27626,27626,Richard Rodgers,Philadelphia Eagles,nfl.p.27626,TE,14,3.10,406.l.161660
406.p.32790,32790,La'Mical Perine,New York Jets,nfl.p.32790,RB,6,3.10,406.l.161660
406.p.31207,31207,Nick Bawden,New York Jets,nfl.p.31207,RB,6,3.00,406.l.161660
406.p.29978,29978,Jaydon Mickens,Jacksonville Jaguars,nfl.p.29978,WR,7,3.00,406.l.161660
406.p.33700,33700,Chris Naggar,Dallas Cowboys,nfl.p.33700,K,7,3.00,406.l.161660
406.p.28685,28685,Josh Lambo,Pittsburgh Steelers,nfl.p.28685,K,7,3.00,406.l.161660
406.p.31627,31627,Ethan Wolf,New Orleans Saints,nfl.p.31627,TE,6,2.80,406.l.161660
406.p.31441,31441,Kevin Rader,Pittsburgh Steelers,nfl.p.31441,TE,7,2.80,406.l.161660
406.p.32141,32141,Davion Davis,Houston Texans,nfl.p.32141,WR,10,2.70,406.l.161660
406.p.32794,32794,Anthony McFarland Jr.,Pittsburgh Steelers,nfl.p.32794,RB,7,2.40,406.l.161660
406.p.33575,33575,Frank Darby,Atlanta Falcons,nfl.p.33575,WR,6,2.40,406.l.161660
406.p.33242,33242,Kirk Merritt,New Orleans Saints,nfl.p.33242,WR,6,2.30,406.l.161660
406.p.31894,31894,Andy Isabella,Arizona Cardinals,nfl.p.31894,WR,12,2.30,406.l.161660
406.p.32662,32662,Chris Streveler,Miami Dolphins,nfl.p.32662,QB,14,2.04,406.l.161660
406.p.33521,33521,Ian Book,New Orleans Saints,nfl.p.33521,QB,6,2.00,406.l.161660
406.p.30023,30023,Marvin Hall,Jacksonville Jaguars,nfl.p.30023,WR,7,2.00,406.l.161660
406.p.33797,33797,Tarik Black,New York Jets,nfl.p.33797,WR,6,2.00,406.l.161660
406.p.33584,33584,Gary Brightwell,New York Giants,nfl.p.33584,RB,10,2.00,406.l.161660
406.p.28654,28654,Raheem Mostert,Miami Dolphins,nfl.p.28654,RB,14,2.00,406.l.161660
406.p.24797,24797,Blaine Gabbert,Tampa Bay Buccaneers,nfl.p.24797,QB,9,1.98,406.l.161660
406.p.32806,32806,Brycen Hopkins,Los Angeles Rams,nfl.p.32806,TE,11,1.90,406.l.161660
406.p.30373,30373,Johnny Mundt,Minnesota Vikings,nfl.p.30373,TE,7,1.90,406.l.161660
406.p.33469,33469,Hunter Long,Miami Dolphins,nfl.p.33469,TE,14,1.80,406.l.161660
406.p.31662,31662,Ryan Nall,Dallas Cowboys,nfl.p.31662,RB,7,1.80,406.l.161660
406.p.29854,29854,Tommylee Lewis,Miami Dolphins,nfl.p.29854,WR,14,1.70,406.l.161660
406.p.28658,28658,Eric Tomlinson,Denver Broncos,nfl.p.28658,TE,11,1.70,406.l.161660
406.p.31925,31925,Miles Boykin,Pittsburgh Steelers,nfl.p.31925,WR,7,1.60,406.l.161660
406.p.30217,30217,C.J. Beathard,Jacksonville Jaguars,nfl.p.30217,QB,7,1.52,406.l.161660
406.p.33299,33299,Easop Winston Jr.,New Orleans Saints,nfl.p.33299,WR,6,1.50,406.l.161660
406.p.31073,31073,Keke Coutee,Indianapolis Colts,nfl.p.31073,WR,14,1.50,406.l.161660
406.p.32488,32488,Malik Taylor,Green Bay Packers,nfl.p.32488,WR,13,1.40,406.l.161660
406.p.25295,25295,Nick Bellore,Seattle Seahawks,nfl.p.25295,RB,9,1.40,406.l.161660
406.p.32390,32390,Devine Ozigbo,New Orleans Saints,nfl.p.32390,RB,6,1.40,406.l.161660
406.p.31145,31145,John Kelly Jr.,Cleveland Browns,nfl.p.31145,RB,13,1.30,406.l.161660
406.p.32669,32669,Jacques Patrick,Baltimore Ravens,nfl.p.32669,RB,8,1.20,406.l.161660
406.p.28559,28559,Nick Boyle,Baltimore Ravens,nfl.p.28559,TE,8,1.20,406.l.161660
406.p.31537,31537,Buddy Howell,Los Angeles Rams,nfl.p.31537,RB,11,1.10,406.l.161660
406.p.33839,33839,Mekhi Sargent,Jacksonville Jaguars,nfl.p.33839,RB,7,1.10,406.l.161660
406.p.31519,31519,Deon Yelder,Arizona Cardinals,nfl.p.31519,TE,12,1.00,406.l.161660
406.p.30523,30523,Darrell Daniels,Houston Texans,nfl.p.30523,TE,10,1.00,406.l.161660
406.p.27911,27911,Cody Parkey,New Orleans Saints,nfl.p.27911,K,6,1.00,406.l.161660
406.p.32140,32140,Khari Blasingame,Chicago Bears,nfl.p.32140,RB,10,1.00,406.l.161660
406.p.32543,32543,Daniel Helm,Atlanta Falcons,nfl.p.32543,TE,6,0.90,406.l.161660
406.p.33606,33606,Sam Ehlinger,Indianapolis Colts,nfl.p.33606,QB,14,0.90,406.l.161660
406.p.33593,33593,Racey McMath,Tennessee Titans,nfl.p.33593,WR,13,0.80,406.l.161660
406.p.7426,7426,Ryan Fitzpatrick,Washington Commanders,nfl.p.7426,QB,9,0.72,406.l.161660
406.p.32502,32502,Damarea Crockett,Denver Broncos,nfl.p.32502,RB,11,0.70,406.l.161660
406.p.32272,32272,David Blough,Detroit Lions,nfl.p.32272,QB,9,0.60,406.l.161660
406.p.33621,33621,Jake Funk,Los Angeles Rams,nfl.p.33621,RB,11,0.50,406.l.161660
406.p.32944,32944,Maurice Ffrench,Los Angeles Chargers,nfl.p.32944,WR,7,0.30,406.l.161660
406.p.33123,33123,Nathan Cottrell,Jacksonville Jaguars,nfl.p.33123,RB,7,0.30,406.l.161660
406.p.33454,33454,Kellen Mond,Minnesota Vikings,nfl.p.33454,QB,7,0.20,406.l.161660
406.p.30284,30284,Nathan Peterman,Chicago Bears,nfl.p.30284,QB,10,0.20,406.l.161660
406.p.33126,33126,Tavien Feaster,Arizona Cardinals,nfl.p.33126,RB,12,0.00,406.l.161660
406.p.33353,33353,Siaosi Mariner,Baltimore Ravens,nfl.p.33353,WR,8,0.00,406.l.161660
406.p.33930,33930,Otis Anderson Jr.,Los Angeles Rams,nfl.p.33930,RB,11,0.00,406.l.161660
406.p.33266,33266,Anthony Gordon,Kansas City Chiefs,nfl.p.33266,QB,12,0.00,406.l.161660
406.p.33303,33303,Tony Brown,Washington Commanders,nfl.p.33303,WR,9,0.00,406.l.161660
406.p.33127,33127,Josh Hammond,Philadelphia Eagles,nfl.p.33127,WR,14,0.00,406.l.161660
406.p.33928,33928,Michael Bandy,Los Angeles Chargers,nfl.p.33928,WR,7,0.00,406.l.161660
406.p.33932,33932,Sal Cannella,Miami Dolphins,nfl.p.33932,TE,14,0.00,406.l.161660
406.p.33933,33933,Kalif Jackson,Miami Dolphins,nfl.p.33933,TE,14,0.00,406.l.161660
406.p.33132,33132,Omar Bayless,Kansas City Chiefs,nfl.p.33132,WR,12,0.00,406.l.161660
406.p.33934,33934,Daniel Crawford,Green Bay Packers,nfl.p.33934,TE,13,0.00,406.l.161660
406.p.33935,33935,Corey Taylor,Cleveland Browns,nfl.p.33935,RB,13,0.00,406.l.161660
406.p.33931,33931,KJ Costello,Los Angeles Chargers,nfl.p.33931,QB,7,0.00,406.l.161660
406.p.33924,33924,Mitchell Fraboni,Houston Texans,nfl.p.33924,TE,10,0.00,406.l.161660
406.p.33927,33927,Matt Seybert,Los Angeles Chargers,nfl.p.33927,TE,7,0.00,406.l.161660
406.p.33208,33208,Thaddeus Moss,Cincinnati Bengals,nfl.p.33208,TE,10,0.00,406.l.161660
406.p.33124,33124,Ben Ellefson,Minnesota Vikings,nfl.p.33124,TE,7,0.00,406.l.161660
406.p.33923,33923,Travis Toivonen,New York Giants,nfl.p.33923,WR,10,0.00,406.l.161660
406.p.33209,33209,Isaiah Wright,Washington Commanders,nfl.p.33209,WR,9,0.00,406.l.161660
406.p.33258,33258,Bryce Perkins,Los Angeles Rams,nfl.p.33258,QB,11,0.00,406.l.161660
406.p.8497,8497,Clark Harris,Cincinnati Bengals,nfl.p.8497,TE,10,0.00,406.l.161660
406.p.33359,33359,Antonio Williams,New York Giants,nfl.p.33359,RB,10,0.00,406.l.161660
406.p.33253,33253,Trishton Jackson,Minnesota Vikings,nfl.p.33253,WR,7,0.00,406.l.161660
406.p.33362,33362,Connor Davis,Cleveland Browns,nfl.p.33362,TE,13,0.00,406.l.161660
406.p.25807,25807,Lamar Miller,New Orleans Saints,nfl.p.25807,RB,6,0.00,406.l.161660
406.p.33236,33236,Matt Cole,Seattle Seahawks,nfl.p.33236,WR,9,0.00,406.l.161660
406.p.33918,33918,Jake Verity,Indianapolis Colts,nfl.p.33918,K,14,0.00,406.l.161660
406.p.33910,33910,Khalil McClain,Miami Dolphins,nfl.p.33910,WR,14,0.00,406.l.161660
406.p.33214,33214,Farrod Green,Indianapolis Colts,nfl.p.33214,TE,14,0.00,406.l.161660
406.p.33267,33267,Aaron Fuller,Seattle Seahawks,nfl.p.33267,WR,9,0.00,406.l.161660
406.p.33279,33279,Reid Sinnett,Philadelphia Eagles,nfl.p.33279,QB,14,0.00,406.l.161660
406.p.7867,7867,Stephen Gostkowski,Tennessee Titans,nfl.p.7867,K,13,0.00,406.l.161660
406.p.33315,33315,Nick Bowers,Las Vegas Raiders,nfl.p.33315,TE,8,0.00,406.l.161660
406.p.33188,33188,Sandro Platzgummer,New York Giants,nfl.p.33188,RB,10,0.00,406.l.161660
406.p.24175,24175,Joe Webb III,New York Giants,nfl.p.24175,QB,10,0.00,406.l.161660
406.p.33343,33343,Tucker McCann,Tennessee Titans,nfl.p.33343,K,13,0.00,406.l.161660
406.p.33215,33215,DeMichael Harris,Indianapolis Colts,nfl.p.33215,WR,14,0.00,406.l.161660
406.p.23997,23997,Demaryius Thomas,Denver Broncos,nfl.p.23997,WR,11,0.00,406.l.161660
406.p.33329,33329,Lawrence Cager,New York Jets,nfl.p.33329,WR,6,0.00,406.l.161660
